Date,Body fat(%),Sleep(hours),Heart rate(bpm),Weight(lbs)
10/15/2018,,,92,
10/16/2018,,,51,
10/17/2018,,,56,
10/18/2018,,,58,
10/19/2018,,,57,
10/20/2018,,,85,
10/21/2018,,,51,
10/22/2018,,,56,
10/23/2018,,,55,
10/24/2018,,,51,
10/25/2018,,,54,
10/26/2018,,,60,
10/27/2018,,,57,
10/28/2018,,,69,
10/29/2018,,,51,
10/30/2018,,,66,
10/31/2018,,,68,
11/1/2018,,,67,
11/2/2018,,,55,169
11/3/2018,,,62,
11/4/2018,,,56,167
11/5/2018,,,88,169
11/6/2018,,,63,
11/7/2018,,,54,170
11/8/2018,,,60,171
11/9/2018,,,90,
11/10/2018,,,101,170
11/11/2018,,,67,169
11/12/2018,,,62,
11/13/2018,,,59,168
11/14/2018,,,57,
11/15/2018,,,61,
11/16/2018,,,103,
11/17/2018,,,67,
11/18/2018,,,54,170
11/19/2018,,,63,169
11/20/2018,,,52,
11/21/2018,,,51,167
11/22/2018,,,54,
11/23/2018,,,65,
11/24/2018,,,62,
11/25/2018,,,57,169
11/26/2018,,,58,170
11/27/2018,,,57,171
11/28/2018,,,63,171
11/29/2018,,,58,169
11/30/2018,,,66,171
12/1/2018,,,55,169
12/2/2018,,,59,167
12/3/2018,,,52,
12/4/2018,,,57,
12/5/2018,,,57,
12/6/2018,,,57,
12/7/2018,,,63,
12/8/2018,,,61,168
12/9/2018,,,55,
12/10/2018,,,56,
12/11/2018,,,57,
12/12/2018,,,,
12/13/2018,,,66,
12/14/2018,,,64,
12/15/2018,,,,170
12/16/2018,,,55,170
12/17/2018,,,67,171
12/18/2018,,,67,
12/19/2018,,,62,170
12/20/2018,,,49,
12/21/2018,,,54,170
12/22/2018,,,68,170
12/23/2018,,,67,
12/24/2018,,,63,
12/25/2018,,,57,
12/26/2018,,,63,170
12/27/2018,,,60,
12/28/2018,,,55,
12/29/2018,,,57,171
12/30/2018,,,65,169
12/31/2018,,,57,169
1/1/2019,,,62,
1/2/2019,,,60,
1/3/2019,,,60,
1/4/2019,,,54,171
1/5/2019,,,52,172
1/6/2019,,,74,171
1/7/2019,,,53,169
1/8/2019,,,61,
1/9/2019,,,54,
1/10/2019,,,54,
1/11/2019,,,66,
1/12/2019,,,64,169
1/13/2019,,,,
1/14/2019,,,57,
1/15/2019,,,56,
1/16/2019,,,74,170
1/17/2019,,,59,170
1/18/2019,,,79,
1/19/2019,,,52,167
1/20/2019,,,56,
1/21/2019,,,62,169
1/22/2019,,,54,
1/23/2019,,,64,
1/24/2019,,,64,
1/25/2019,,,51,
1/26/2019,,,56,167
1/27/2019,,,54,168
1/28/2019,,,60,
1/29/2019,,,54,
1/30/2019,,,50,
1/31/2019,,,63,168
2/1/2019,,,55,
2/2/2019,,,56,166
2/3/2019,,,66,168
2/4/2019,,,60,
2/5/2019,,,67,
2/6/2019,,,60,
2/7/2019,,,63,
2/8/2019,,,45,
2/9/2019,,,67,
2/10/2019,,,63,170
2/11/2019,,,60,172
2/12/2019,,,60,170
2/13/2019,,,76,169
2/14/2019,,,54,
2/15/2019,,,61,
2/16/2019,,,57,
2/17/2019,,,60,
2/18/2019,,,60,
2/19/2019,,,62,171
2/20/2019,,,56,
2/21/2019,,,53,
2/22/2019,,,54,
2/23/2019,,,61,
2/24/2019,,,60,169
2/25/2019,,,67,
2/26/2019,,,71,172
2/27/2019,,,55,
2/28/2019,,,48,
3/1/2019,,,62,
3/2/2019,,,62,
3/3/2019,,,74,170
3/4/2019,,,50,
3/5/2019,,,64,
3/6/2019,,,65,
3/7/2019,,,58,
3/8/2019,,,68,172
3/9/2019,,,65,171
3/9/2019,,,65,169
3/10/2019,,,63,
3/11/2019,,,63,
3/12/2019,,,56,171
3/13/2019,,,57,
3/14/2019,,,59,
3/15/2019,,,60,
3/16/2019,,,59,
3/17/2019,,,64,171
3/18/2019,,,58,
3/19/2019,,,48,
3/20/2019,,,56,
3/21/2019,,,56,170
3/22/2019,,,63,
3/23/2019,,,54,169
3/24/2019,,,60,170
3/25/2019,,,56,
3/26/2019,,,54,169
3/27/2019,,,168,168
3/28/2019,,,60,
3/29/2019,,,63,
3/30/2019,,,54,168
3/31/2019,,,54,167
4/1/2019,,,64,170
4/2/2019,,,55,
4/3/2019,,,58,
4/4/2019,,,72,
4/5/2019,,,,
4/6/2019,,,81,170
4/7/2019,,,100,
4/8/2019,,,64,
4/9/2019,,,60,
4/10/2019,,,64,
4/11/2019,,,60,171
4/12/2019,,,64,
4/13/2019,,,70,
4/14/2019,,,68,
4/15/2019,,,65,
4/16/2019,,,66,
4/17/2019,,,69,
4/18/2019,,,55,
4/19/2019,,,56,
4/20/2019,,,70,171
4/21/2019,,,54,170
4/22/2019,,,59,
4/23/2019,,,54,
4/24/2019,,,90,169
4/25/2019,,,59,
4/26/2019,,,57,
4/27/2019,,,66,
4/28/2019,,,58,
4/29/2019,,,67,
4/30/2019,,,50,171
5/1/2019,,,62,172
5/2/2019,,,57,169
5/3/2019,,,73,169
5/3/2019,,,73,168
5/4/2019,,,53,166
5/5/2019,,,73.5632,167
5/6/2019,,,,
5/7/2019,,,,
5/8/2019,,,,
5/9/2019,,,,
5/10/2019,,,,
5/11/2019,,,80.3045,167
5/12/2019,,,72.3781,168
5/13/2019,,,65,
5/14/2019,,,52,
5/15/2019,,,57,
5/16/2019,,,68.6934,
5/17/2019,,,71.7439,
5/18/2019,,,81.4025,169
5/19/2019,,,72.768,
5/20/2019,,,82.7321,
5/21/2019,,,76.5443,
5/22/2019,,,81.3613,
5/23/2019,,,70.8835,
5/24/2019,,,67.3634,
5/25/2019,,,67.946,
5/26/2019,,,74.842,
5/27/2019,,,70.6455,
5/28/2019,,,65.8654,
5/29/2019,,,71.3091,
5/30/2019,,,73.7446,
5/31/2019,,,81.6569,167
6/1/2019,,,70,
6/2/2019,,,52,
6/3/2019,,,54,
6/4/2019,,,60,
6/5/2019,,,55,
6/6/2019,,,60,
6/7/2019,,,67,
6/8/2019,,,,167
6/9/2019,,,67,168
6/10/2019,,,56,
6/11/2019,,,63,
6/12/2019,,,54,
6/13/2019,,,60,
6/14/2019,,,49,167
6/15/2019,,,60,165
6/16/2019,,,63,164
6/17/2019,,,57,
6/18/2019,,,53,
6/19/2019,,,60,
6/20/2019,,,57,167
6/21/2019,,,54,166
6/22/2019,,,70,165
6/23/2019,,,63,167
6/23/2019,,,63,165
6/24/2019,,,48,166
6/25/2019,,,54,166
6/26/2019,,,55,
6/27/2019,,,60,
6/28/2019,,,58,
6/29/2019,,,70,166
6/30/2019,,,59,166
7/1/2019,,,60,168
7/2/2019,,,56,167
7/3/2019,,,55,
7/4/2019,,,77,164
7/5/2019,,,54,
7/6/2019,,,63,165
7/7/2019,,,58,164
7/8/2019,,,54,166
7/9/2019,,,54,
7/10/2019,,,62,
7/11/2019,,,58,165
7/12/2019,,,57,
7/13/2019,,,57,165
7/14/2019,,,54,165
7/15/2019,,,62,
7/16/2019,,,71,
7/17/2019,,,49,
7/18/2019,,,72,
7/19/2019,,,65,
7/20/2019,,,74,165
7/21/2019,,,54,165
7/22/2019,,,62,166
7/23/2019,,,60,
7/24/2019,,,51,
7/25/2019,,,62,
7/26/2019,,,60,
7/27/2019,,,51,
7/28/2019,,,59,
7/29/2019,,,60,
7/30/2019,,,58,
7/31/2019,,,87,
8/1/2019,,,54,
8/2/2019,,,55,
8/3/2019,,,62,
8/4/2019,,,88,
8/5/2019,,,58,
8/6/2019,,,52,
8/7/2019,,,53,166
8/8/2019,,,63,165
8/9/2019,,,60,
8/10/2019,,,82,
8/11/2019,,,64,
8/12/2019,,,55,166
8/13/2019,,,63,
8/14/2019,,,66,
8/15/2019,,,62,
8/16/2019,,,60,
8/17/2019,,,63,163
8/18/2019,,,54,164
8/19/2019,,,50,
8/20/2019,,,59,
8/21/2019,,,59,
8/22/2019,,,54,163
8/23/2019,,,62,
8/24/2019,,,71,
8/25/2019,,,62,164
8/26/2019,,,101,
8/27/2019,,,49,165
8/28/2019,,,60,
8/29/2019,,,54,164
8/30/2019,,,60,
8/31/2019,,,59,163
9/1/2019,,,60,162
9/2/2019,,,65,163
9/3/2019,,,55,
9/4/2019,,,58,
9/5/2019,,,60,
9/6/2019,,,57,
9/7/2019,,,56,162
9/8/2019,,,63,163
9/9/2019,,,66,164
9/10/2019,,,57,164
9/11/2019,,,60,164
9/12/2019,,,63,
9/13/2019,,,63,
9/14/2019,,,60,163
9/15/2019,,,62,163
9/16/2019,,,49,
9/17/2019,,,99,
9/18/2019,,,53,
9/19/2019,,,46,
9/20/2019,,,54,
9/21/2019,,,56,162
9/22/2019,,,52,162
9/23/2019,,,78,
9/24/2019,,,59,162
9/25/2019,,,70,
9/26/2019,,,62,
9/27/2019,,,70,
9/28/2019,,,58,160
9/29/2019,,,53,
9/30/2019,,,61,
10/1/2019,,,51,
10/2/2019,,,104,
10/3/2019,,,54,
10/4/2019,,,,
10/5/2019,,,,
10/6/2019,,,,
10/7/2019,,,66,
10/8/2019,,,52,
10/9/2019,,,,
10/10/2019,,,,
10/11/2019,,,,
10/12/2019,,,,
10/13/2019,,,,
10/14/2019,,,,
10/15/2019,,,,
10/16/2019,,,,
10/17/2019,,,,
10/18/2019,,,,
10/19/2019,,,,
10/20/2019,,,,
10/21/2019,,,,
10/22/2019,,,,
10/23/2019,,,61,
10/24/2019,,,,
10/25/2019,,,,
10/26/2019,,,,
10/27/2019,,,,
10/28/2019,,,,
10/29/2019,,,,
10/30/2019,,,,
10/31/2019,,,,
11/1/2019,,,,
11/2/2019,,,,
11/3/2019,,,,
11/4/2019,,,,
11/5/2019,,,,
11/6/2019,,,,
11/7/2019,,,,
11/8/2019,,,,
11/9/2019,,,,
11/10/2019,,,,
11/11/2019,,,,
11/12/2019,,,,
11/13/2019,,,,
11/14/2019,,,,
11/15/2019,,,,
11/16/2019,,,,
11/17/2019,,,,
11/18/2019,,,,
11/19/2019,,,,
11/20/2019,,,,
11/21/2019,,,,
11/22/2019,,,,
11/23/2019,,,,
11/24/2019,,,,
11/25/2019,,,,
11/26/2019,,,,
11/27/2019,,,,
11/28/2019,,,,
11/29/2019,,,,
11/30/2019,,,,
12/1/2019,,,,
12/2/2019,,,,
12/3/2019,,,,
12/4/2019,,,,
12/5/2019,,,,
12/6/2019,,,,
12/7/2019,,,,
12/8/2019,,,,
12/9/2019,,,,
12/10/2019,,,,
12/11/2019,,,,
12/12/2019,,,,
12/13/2019,,,,
12/14/2019,,,,
12/15/2019,,,,
12/16/2019,,,,
12/17/2019,,,59,
12/18/2019,,,60,
12/19/2019,,,118,
12/20/2019,,,,
12/21/2019,,,,
12/22/2019,,,,
12/23/2019,,,,
12/24/2019,,,,
12/25/2019,,,,
12/26/2019,,,,
12/27/2019,,,,
12/28/2019,,,,
12/29/2019,,,,
12/30/2019,,,58,
12/31/2019,,,102,
1/1/2020,,,69,
1/2/2020,,,62,
1/3/2020,,,115,
1/4/2020,,,91,165
1/5/2020,14.6191,,72,172.842
1/5/2020,14.6191,,72,172.842
1/5/2020,14.6191,,72,168.874
1/5/2020,14.6191,,72,172.842
1/5/2020,14.6191,,72,172.842
1/5/2020,14.6191,,72,168.874
1/5/2020,14.166,,72,172.842
1/5/2020,14.166,,72,172.842
1/5/2020,14.166,,72,168.874
1/6/2020,13.9701,,111,167.221
1/6/2020,13.9701,,111,167.221
1/6/2020,13.9701,,111,167.221
1/6/2020,13.9701,,111,167.221
1/7/2020,13.8082,,55,165.677
1/8/2020,13.8082,,64,165.677
1/9/2020,13.6177,,109,164.134
1/10/2020,13.6122,,137,164.024
1/10/2020,13.6122,,137,164.024
1/10/2020,13.6122,,137,164.024
1/10/2020,13.6122,,137,164.024
1/10/2020,13.6122,,137,164.024
1/10/2020,13.6122,,137,164.024
1/10/2020,13.6122,,137,164.024
1/10/2020,13.6122,,137,164.024
1/10/2020,13.6122,,137,164.024
1/11/2020,,,110,
1/12/2020,,,55,
1/13/2020,,,59,
1/14/2020,13.702,,93,164.685
1/15/2020,13.702,,68,164.685
1/16/2020,13.4558,,81,162.591
1/17/2020,13.6068,,56,163.914
1/18/2020,,,66,
1/19/2020,,,83,
1/20/2020,,,94,
1/21/2020,,,139,
1/22/2020,13.8027,,93,165.567
1/23/2020,13.6177,,90,164.134
1/24/2020,13.7633,,84,165.347
1/25/2020,,,71,163
1/26/2020,,,79,
1/27/2020,,,81,
1/28/2020,13.7075,,90,164.796
1/29/2020,13.9034,,81,166.449
1/30/2020,13.6626,,61,164.465
1/31/2020,14.1714,,63,168.984
2/1/2020,,,90,
2/2/2020,,,126,164
2/3/2020,,,66,
2/4/2020,13.5619,,86,163.583
2/5/2020,13.6517,,54,164.244
2/6/2020,13.4163,,74,162.37
2/7/2020,13.4,,63,162.04
2/8/2020,13.6177,,75,164.134
2/9/2020,,,54,
2/10/2020,13.517,,100,163.252
2/11/2020,13.6122,,81,164.024
2/12/2020,,,60,
2/13/2020,13.4163,,75,162.37
2/14/2020,,,60,
2/15/2020,,,66,163
2/16/2020,,,81,
2/17/2020,,,90,
2/18/2020,13.8027,,75,165.567
2/19/2020,13.551,,67,163.363
2/20/2020,,,87,
2/21/2020,,,62,
2/22/2020,,,72,163
2/23/2020,,,69,
2/24/2020,,,112,
2/25/2020,13.3551,,,161.709
2/26/2020,13.4721,,,162.922
2/27/2020,13.5061,,,163.032
2/28/2020,13.5565,,72,163.473
2/29/2020,,,72,
3/1/2020,,,66,163.8
3/2/2020,,,133,
3/3/2020,13.6231,,85,164.244
3/4/2020,13.6122,,102,164.024
3/5/2020,13.4558,,115,162.591
3/6/2020,,,51,163
3/7/2020,,,84,163
3/8/2020,,,,
3/9/2020,,,58,
3/10/2020,14.0095,,58,167.441
3/11/2020,13.7578,,110,165.236
3/12/2020,13.7633,,65,165.347
3/13/2020,13.8694,,57,166.339
3/14/2020,,,76,
3/15/2020,,,60,163
3/16/2020,,,54,164
3/17/2020,13.6571,,60,164.355
3/18/2020,,,61,
3/19/2020,,,60,
3/20/2020,,,55,
3/21/2020,,,55,
3/22/2020,,,59,
3/23/2020,,,68,
3/24/2020,,,55,
3/25/2020,,,89,
3/26/2020,,,63,
3/27/2020,,,54,
3/28/2020,,,85,164
3/29/2020,,,61,
3/30/2020,,,54,
3/31/2020,,,69,
4/1/2020,,,56,
4/2/2020,,,54,
4/3/2020,,,,
4/4/2020,,,,164
4/5/2020,,,68,
4/6/2020,,,74,
4/7/2020,,,63,
4/8/2020,,,71,
4/9/2020,,,60,166
4/10/2020,,,60,
4/11/2020,,,53,166
4/12/2020,,,61,
4/13/2020,,,58,166
4/14/2020,,,63,
4/15/2020,,,57,
4/16/2020,,,52,
4/17/2020,,,56,165
4/18/2020,,,56,164
4/19/2020,,,62,
4/20/2020,,,61,
4/21/2020,,,56,
4/22/2020,,,58,
4/23/2020,,,55,166
4/24/2020,,,59,
4/25/2020,,,55,
4/26/2020,,,55,
4/27/2020,,,63,
4/28/2020,,,101,
4/29/2020,,,88,167
4/30/2020,,,63,
5/1/2020,,,111,167
5/2/2020,,,91,
5/3/2020,,,128,
5/4/2020,,,94,
5/5/2020,,,55,168
5/6/2020,,,61,
5/7/2020,,,55,166
5/8/2020,,,67,
5/9/2020,,,57,166
5/10/2020,,,60,165
5/11/2020,,,66,
5/12/2020,,,60,
5/13/2020,,,77,
5/14/2020,,,57,
5/15/2020,,,65,
5/16/2020,,,56,165
5/17/2020,,,58,
5/18/2020,,,58,165
5/19/2020,,,61,165
5/20/2020,,,61,
5/21/2020,,,60,
5/22/2020,,,60,
5/23/2020,,,54,
5/24/2020,,,49,
5/25/2020,,,53,
5/26/2020,,,58,
5/27/2020,,,59,
5/28/2020,,,60,
5/29/2020,,,59,
5/30/2020,,,51,166
5/31/2020,,,68,
6/1/2020,,,,
6/2/2020,,,59,
6/3/2020,,,55,165
6/4/2020,,,59,
6/5/2020,,,60,
6/6/2020,,,59,
6/7/2020,,,50,
6/8/2020,,,56,165
6/9/2020,,,58,
6/10/2020,,,53,165
6/11/2020,,,52,
6/12/2020,,,53,
6/13/2020,,,57,
6/14/2020,,,54,166
6/15/2020,,,49,
6/16/2020,,,52,
6/17/2020,,,61,166
6/18/2020,,,59,
6/19/2020,,,58,
6/20/2020,,,58,
6/21/2020,,,59,166
6/22/2020,,,64,
6/23/2020,,,53,
6/24/2020,,,66,
6/25/2020,,,54,
6/26/2020,,,60,
6/27/2020,,,51,
6/28/2020,,,51,
6/29/2020,,,50,
6/30/2020,,,54,
7/1/2020,,,60,
7/2/2020,,,57,
7/3/2020,,,68,
7/4/2020,,,50,
7/5/2020,,,66,
7/6/2020,,,56,163
7/7/2020,,,56,
7/8/2020,,,56,163
7/9/2020,13.9429,,60,166.669
7/9/2020,13.9429,,60,164.024
7/9/2020,13.6408,,60,166.669
7/9/2020,13.6408,,60,164.024
7/10/2020,,,55,
7/11/2020,13.5959,,54,163.693
7/12/2020,13.5347,,51,163.032
7/13/2020,13.6857,,52,164.355
7/14/2020,13.6014,,57,163.803
7/15/2020,13.6857,,70,164.355
7/16/2020,14.0993,,55,168.102
7/16/2020,14.0993,,55,164.465
7/16/2020,14.0993,,55,164.465
7/16/2020,14.0993,,55,164.465
7/16/2020,13.6912,,55,168.102
7/16/2020,13.6912,,55,164.465
7/16/2020,13.6912,,55,164.465
7/16/2020,13.6912,,55,164.465
7/16/2020,13.6912,,55,168.102
7/16/2020,13.6912,,55,164.465
7/16/2020,13.6912,,55,164.465
7/16/2020,13.6912,,55,164.465
7/16/2020,13.6912,,55,168.102
7/16/2020,13.6912,,55,164.465
7/16/2020,13.6912,,55,164.465
7/16/2020,13.6912,,55,164.465
7/17/2020,13.7864,,67,165.236
7/17/2020,13.7864,,67,165.236
7/17/2020,13.7864,,67,165.236
7/17/2020,13.7864,,67,165.236
7/18/2020,,,55,
7/19/2020,13.7469,,59,165.016
7/19/2020,13.7469,,59,165
7/20/2020,13.781,,79,165.126
7/20/2020,13.781,,79,165.126
7/20/2020,13.781,,79,165.126
7/20/2020,13.781,,79,165.126
7/21/2020,,,58,
7/22/2020,13.7864,,58,165.236
7/23/2020,,,57,
7/24/2020,,,69,
7/25/2020,13.8422,,52,165.788
7/26/2020,,,51,
7/27/2020,13.7361,,54,164.796
7/28/2020,13.9034,,55,166.449
7/28/2020,13.9034,,55,166.118
7/28/2020,13.8871,,55,166.449
7/28/2020,13.8871,,55,166.118
7/29/2020,13.9483,,51,166.78
7/30/2020,13.8422,,60,165.788
7/31/2020,13.5959,,60,163.693
8/1/2020,13.6912,,59,164.465
8/2/2020,,,60,
8/3/2020,13.7361,,53,164.796
8/4/2020,13.9878,,,167
8/4/2020,13.9878,,,165.236
8/4/2020,13.7864,,,167
8/4/2020,13.7864,,,165.236
8/5/2020,,,53,
8/6/2020,,,59,
8/7/2020,13.898,,53,166.339
8/7/2020,13.898,,53,165.788
8/7/2020,13.8422,,53,166.339
8/7/2020,13.8422,,53,165.788
8/8/2020,,,57,165
8/9/2020,,,56,
8/10/2020,13.8422,,57,165.788
8/11/2020,,,55,166
8/12/2020,13.781,,54,165.126
8/13/2020,,,53,
8/14/2020,13.6803,,59,164.244
8/15/2020,,,55,
8/16/2020,,,54,
8/17/2020,,,65,
8/18/2020,,,60,167
8/19/2020,13.8367,,50,165.677
8/20/2020,,,57,
8/21/2020,13.9483,,54,166.78
8/21/2020,13.9483,,54,166.669
8/21/2020,13.9429,,54,166.78
8/21/2020,13.9429,,54,166.669
8/22/2020,13.6857,,57,164.355
8/23/2020,,,56,
8/24/2020,13.5959,,60,163.693
8/25/2020,13.8816,,56,166.008
8/26/2020,,,54,
8/27/2020,,,57,
8/28/2020,13.898,,51,166.339
8/29/2020,13.702,,57,164.685
8/30/2020,,,58,
8/31/2020,,,53,
9/1/2020,13.7973,,56,165.457
9/2/2020,,,64,
9/3/2020,,,56,
9/4/2020,13.898,,71,166.339
9/5/2020,,,60,
9/6/2020,,,56,
9/7/2020,,,61,
9/8/2020,13.7306,,65,164.685
9/9/2020,,,54,
9/10/2020,,,78,
9/11/2020,13.7918,,56,165.347
9/12/2020,,,56,
9/13/2020,,,66,
9/14/2020,13.8313,,55,165.567
9/14/2020,13.8313,,55,165.567
9/14/2020,13.8027,,55,165.567
9/14/2020,13.8027,,55,165.567
9/15/2020,,,58,
9/16/2020,,,57,
9/17/2020,,,68,
9/18/2020,,,56,
9/19/2020,,,61,
9/20/2020,14.0884,,58,167.882
9/20/2020,14.0884,,58,164.465
9/20/2020,14.0884,,58,164.465
9/20/2020,14.0884,,58,164.465
9/20/2020,14.0884,,58,164.465
9/20/2020,13.6912,,58,167.882
9/20/2020,13.6912,,58,164.465
9/20/2020,13.6912,,58,164.465
9/20/2020,13.6912,,58,164.465
9/20/2020,13.6912,,58,164.465
9/20/2020,13.6912,,58,167.882
9/20/2020,13.6912,,58,164.465
9/20/2020,13.6912,,58,164.465
9/20/2020,13.6912,,58,164.465
9/20/2020,13.6912,,58,164.465
9/20/2020,13.6912,,58,167.882
9/20/2020,13.6912,,58,164.465
9/20/2020,13.6912,,58,164.465
9/20/2020,13.6912,,58,164.465
9/20/2020,13.6912,,58,164.465
9/20/2020,13.6912,,58,167.882
9/20/2020,13.6912,,58,164.465
9/20/2020,13.6912,,58,164.465
9/20/2020,13.6912,,58,164.465
9/20/2020,13.6912,,58,164.465
9/21/2020,,,68,
9/22/2020,13.9986,,54,167.221
9/22/2020,13.9986,,54,167.221
9/22/2020,13.9986,,54,167.221
9/22/2020,13.9986,,54,167.221
9/23/2020,14.0939,,63,167.992
9/24/2020,,,55,
9/25/2020,,,56,
9/26/2020,,,58,
9/27/2020,,,57,
9/28/2020,,,62,
9/29/2020,,,57,
9/30/2020,,,113,
10/1/2020,,,63,
10/2/2020,,,70,
10/3/2020,,,60,
10/4/2020,,,56,
10/5/2020,,,53,
10/6/2020,,,56,
10/7/2020,,,52,
10/8/2020,,,63,
10/9/2020,13.9823,,68,166.89
10/9/2020,13.9823,,68,166.89
10/9/2020,13.9823,,68,166.89
10/9/2020,13.9823,,68,166.89
10/10/2020,,,56,
10/11/2020,,,55,
10/12/2020,,,56,
10/13/2020,,,56,
10/14/2020,,,55,
10/15/2020,14.2952,,54,169.756
10/15/2020,14.2952,,54,169.095
10/15/2020,14.234,,54,169.756
10/15/2020,14.234,,54,169.095
10/16/2020,,,59,
10/17/2020,13.7306,,54,164.685
10/18/2020,13.8476,,55,165.898
10/18/2020,13.8476,,55,165.457
10/18/2020,13.7973,,55,165.898
10/18/2020,13.7973,,55,165.457
10/19/2020,13.8422,,54,165.788
10/20/2020,,,56,165.6
10/21/2020,,,53,
10/22/2020,14.083,,55,167.772
10/22/2020,14.083,,55,167.772
10/22/2020,14.083,,55,167.772
10/22/2020,14.083,,55,167.772
10/23/2020,,,54,
10/24/2020,,,60,
10/25/2020,,,54,
10/26/2020,,,56,
10/27/2020,,,85,
10/28/2020,,,63,
10/29/2020,,,63,
10/30/2020,,,62,
10/31/2020,,,55,
11/1/2020,14.0381,,72,167.441
11/2/2020,,,52,
11/3/2020,14.083,,74,167.772
11/4/2020,,,60,
11/5/2020,,,55,
11/6/2020,,,50,
11/7/2020,,,65,
11/8/2020,,,62,
11/9/2020,,,53,
11/10/2020,,,64,
11/11/2020,,,56,
11/12/2020,,,61,
11/13/2020,,,64,
11/14/2020,,,67,
11/15/2020,,,65,
11/16/2020,,,63,
11/17/2020,,,62,
11/18/2020,14.3007,,52,169.866
11/19/2020,,,56,
11/20/2020,,,65,
11/21/2020,,,66,
11/22/2020,,,59,
11/23/2020,,,70,
11/24/2020,,,56,
11/25/2020,,,68,
11/26/2020,,,52,
11/27/2020,,,55,
11/28/2020,,,75,
11/29/2020,,,65,
11/30/2020,14.4014,,68,170.748
12/1/2020,14.5918,,69,172.291
12/2/2020,14.3401,,69,170.087
12/3/2020,14.2898,,66,169.646
12/4/2020,14.2449,,64,169.315
12/4/2020,14.2449,,64,168.984
12/4/2020,14.2449,,64,168.984
12/4/2020,14.2,,64,169.315
12/4/2020,14.2,,64,168.984
12/4/2020,14.2,,64,168.984
12/5/2020,,,70,
12/6/2020,14.1946,,64,168.874
12/7/2020,,,68,
12/8/2020,,,72,
12/9/2020,14.3456,,113,170.197
12/10/2020,14.4571,,,171.299
12/11/2020,14.3401,,67,170.087
12/11/2020,14.3401,,67,170.087
12/11/2020,14.3401,,67,170.087
12/11/2020,14.3401,,67,170.087
12/12/2020,,,71,
12/13/2020,,,75,
12/14/2020,,,77,
12/15/2020,,,58,
12/16/2020,14.3007,,70,169.866
12/16/2020,14.3007,,70,169.866
12/16/2020,14.3007,,70,169.866
12/16/2020,14.3007,,70,169.866
12/17/2020,14.1388,,91,168.323
12/18/2020,13.9986,,73,167.221
12/19/2020,,,76,
12/20/2020,14.0327,,121,167.331
12/21/2020,,,96,
12/22/2020,,,58,
12/23/2020,,,75,
12/24/2020,,,54,
12/25/2020,,,67,
12/26/2020,,,68,
12/27/2020,,,115,
12/28/2020,,,79,
12/29/2020,,,76,
12/30/2020,,,62,
12/31/2020,,,94,
1/1/2021,,,81.486,
1/2/2021,,,59,
1/3/2021,,,63,
1/4/2021,13.9483,,69,166.8
1/5/2021,,,71,
1/6/2021,13.8871,,72,166.2
1/7/2021,,,70,
1/8/2021,,,75,
1/9/2021,,,75,
1/10/2021,13.9374,,71,166.6
1/11/2021,13.8816,,68,166
1/12/2021,,,84,
1/13/2021,,,61,
1/14/2021,,,69,
1/15/2021,,,76,
1/16/2021,,,68,
1/17/2021,,,57,
1/18/2021,,,75,
1/19/2021,14.049,,95,167.6
1/20/2021,,,55,
1/21/2021,,,60,
1/22/2021,,,59,
1/23/2021,,,61,
1/24/2021,,,67,
1/25/2021,,,66,
1/26/2021,14.1497,,81,168.6
1/27/2021,,,,
1/28/2021,,8,61,
1/29/2021,,7.65833,61,
1/30/2021,,,,
1/31/2021,,7.50833,58,
2/1/2021,,7.16667,58,
2/2/2021,,7.80833,56,
2/3/2021,,,,
2/4/2021,,6.8,56,
2/5/2021,,,,
2/6/2021,,,,
2/7/2021,,,,
2/8/2021,,,,
2/9/2021,,,,
2/10/2021,,6.84167,53,
2/11/2021,,5.24167,56,
2/12/2021,,,,
2/13/2021,,,,
2/14/2021,,,,
2/15/2021,,,,
2/16/2021,,7.15833,58,
2/17/2021,,6.46667,57,
2/18/2021,,6.3,55,
2/19/2021,,7.34167,62,
2/20/2021,,6.65833,58,
2/21/2021,,,,
2/22/2021,,7.19167,62,
2/23/2021,,7.09167,56,
2/24/2021,,7.28333,57,
2/25/2021,,7.5,56,
2/26/2021,,6.54167,59,
2/27/2021,,7.55,55,
2/28/2021,,7.68333,64,
3/1/2021,,7.65,57,
3/2/2021,,6.75833,54,
3/3/2021,,6.63333,59,
3/4/2021,,7.03333,59,
3/5/2021,,7.275,57,
3/6/2021,,7.45,56,
3/7/2021,,6.925,56,
3/8/2021,,7.05833,56,
3/9/2021,,7,59,
3/10/2021,,7.28333,57,
3/11/2021,,6.31667,55,
3/12/2021,,6.56667,59,
3/13/2021,,6.625,58,
3/14/2021,,6.78333,58,
3/15/2021,,7.16667,59,
3/16/2021,,6.50833,60,
3/17/2021,,6.88333,59,
3/18/2021,,7.275,58,
3/19/2021,,5.81667,61,
3/20/2021,,8.025,59,
3/21/2021,,6.45,60,
3/22/2021,,6.70833,58,
3/23/2021,,7.08333,54,
3/24/2021,,7.30833,56,
3/25/2021,,5.50833,57,
3/26/2021,,6.10833,59,
3/27/2021,,7.55833,56,
3/28/2021,,8.06667,57,
3/29/2021,,7.175,58,
3/30/2021,,6.825,58,
3/31/2021,,7.18333,61,
4/1/2021,,6.65,60,
4/2/2021,,6.98333,55,
4/3/2021,,6.45,57,
4/4/2021,,7.25833,58,
4/5/2021,,5.94167,58,
4/6/2021,,7.8,58,
4/7/2021,,6.03333,59,
4/8/2021,,6.99167,57,
4/9/2021,,7.45833,58,
4/10/2021,,8.49167,70,
4/11/2021,,7.96667,58,
4/12/2021,,7.83333,57,
4/13/2021,,6.83333,58,
4/14/2021,,6.69167,57,
4/15/2021,,6.95833,59,
4/16/2021,,7.16667,56,
4/17/2021,,7.58333,57,
4/18/2021,,7.80833,57,
4/19/2021,,6.875,61,
4/20/2021,,6.825,60,
4/21/2021,,7.08333,60,
4/22/2021,,7.625,54,
4/23/2021,,6.4,60,
4/24/2021,,8.24167,54,
4/25/2021,,8.575,56,
4/26/2021,,7.61667,59,
4/27/2021,,6.85833,57,
4/28/2021,,6.45833,56,
4/29/2021,,7.75,59,
4/30/2021,,6.5,58,
5/1/2021,,6.9,57,
5/2/2021,,6.25,59,
5/3/2021,,6.8,59,173
5/4/2021,,7.19167,57,
5/5/2021,,7.125,56,
5/6/2021,,5.63333,57,
5/7/2021,,6.91667,55,
5/8/2021,,5.225,56,
5/9/2021,,5.825,56,
5/10/2021,,6.85833,55,
5/11/2021,,7.01667,53,
5/12/2021,,7.08333,54,
5/13/2021,,5.70833,56,
5/14/2021,,5.775,53,
5/15/2021,,5.61667,59,
5/16/2021,,8.8,54,
5/17/2021,,6.53333,56,
5/18/2021,,5.75833,55,
5/19/2021,,7.11667,56,170
5/20/2021,,6.79167,56,
5/21/2021,,6.05833,59,
5/22/2021,,7.68333,55,
5/23/2021,,7.55,57,
5/24/2021,,7.2,56,
5/25/2021,,7.01667,52,
5/26/2021,,6.39167,59,
5/27/2021,,7.03333,54,
5/28/2021,,7.63333,52,
5/29/2021,,6.73333,55,
5/30/2021,,7.10833,52,
5/31/2021,,6.35,58,170
6/1/2021,,7.75833,57,
6/2/2021,,7.2,59,170
6/3/2021,,6.325,57,
6/4/2021,,6.975,55,
6/5/2021,,,,
6/6/2021,,8.16667,62,
6/7/2021,,6.9,53,
6/8/2021,,6.90833,55,
6/9/2021,,7.05833,55,
6/10/2021,,6.95833,56,
6/11/2021,,6.71667,56,
6/12/2021,,5.63333,54,
6/13/2021,,7.81667,57,
6/14/2021,,5.76667,56,
6/15/2021,,6.65,53,167
6/16/2021,,6.8,53,
6/17/2021,,7.04167,52,167
6/18/2021,,7.70833,50,
6/19/2021,,6.18333,51,
6/20/2021,,7.4,51,
6/21/2021,,6.675,54,
6/22/2021,,7.18333,54,
6/23/2021,,7.125,55,
6/24/2021,,7.28333,54,
6/25/2021,,6.61667,52,
6/26/2021,,6.84167,55,
6/27/2021,,7.05,55,
6/28/2021,,8.05,53,
6/29/2021,,5.95,58,
6/30/2021,,7.13333,58,
7/1/2021,,6.70833,59,
7/2/2021,,6.93333,62,
7/3/2021,,6.68333,55,
7/4/2021,,,,
7/5/2021,,,,
7/6/2021,,6.725,57,
7/7/2021,,5.98333,58,
7/8/2021,,6.94167,56,
7/9/2021,,7.14167,56,
7/10/2021,,6.81667,55,
7/11/2021,,7.20833,52,
7/12/2021,,,,166.6
7/13/2021,,6.05833,60,
7/14/2021,,6.05833,54,
7/15/2021,,,,
7/16/2021,,7.08333,54,
7/17/2021,,7.66667,57,
7/18/2021,,6.45833,55,
7/19/2021,,6.54167,55,
7/20/2021,,5.84167,54,
7/21/2021,,6.625,56,
7/22/2021,,5.925,55,167
7/23/2021,,,,
7/24/2021,,6.65833,58,
7/25/2021,,7.38333,58,
7/26/2021,,7.35833,59,
7/27/2021,,8.20833,55,
7/28/2021,,6.98333,54,
7/29/2021,,,,
7/30/2021,,7.55,62,
7/31/2021,,7.39167,65,
8/1/2021,,7.93333,59,
8/2/2021,,6.54167,56,
8/3/2021,,6.4,55,
8/4/2021,,6.15833,55,
8/5/2021,,5.35,54,
8/6/2021,,7.2,58,
8/7/2021,,6.61667,57,
8/8/2021,,6.9,58,
8/9/2021,,7.425,55,167
8/10/2021,,6.15833,58,
8/11/2021,,7.48333,60,
8/12/2021,,6.56667,54,
8/13/2021,,6.5,56,
8/14/2021,,7.38333,54,
8/15/2021,,7.30833,53,
8/16/2021,,6.24167,59,
8/17/2021,,6.775,59,
8/18/2021,,5.41667,61,
8/19/2021,,5.69167,61,
8/20/2021,,6.7,60,
8/21/2021,,7.46667,57,
8/22/2021,,7.13333,53,
8/23/2021,,6.96667,54,
8/24/2021,,5.925,56,
8/25/2021,,7.56667,56,
8/26/2021,,5.74167,56,
8/27/2021,,8.18333,54,
8/28/2021,,7.60833,58,
8/29/2021,,7.95833,59,
8/30/2021,,6.90833,57,
8/31/2021,,3.21667,59,
9/1/2021,,,,
9/2/2021,,7.21667,56,
9/3/2021,,7.04167,56,
9/4/2021,,8.225,61,
9/5/2021,,8.80833,55,
9/6/2021,,7.13333,57,
9/7/2021,,6.84167,54,
9/8/2021,,6.35,54,
9/9/2021,,6.85833,53,
9/10/2021,,6.84167,54,
9/11/2021,,7.73333,55,
9/12/2021,,7.1,55,
9/13/2021,,7.075,57,
9/14/2021,,6.175,55,
9/15/2021,,6.925,59,
9/16/2021,,6.38333,56,
9/17/2021,,7.99167,56,
9/18/2021,,7.35,57,
9/19/2021,,7.525,56,
9/20/2021,,7.56667,59,
9/21/2021,,6.20833,61,
9/22/2021,,7.16667,55,166.4
9/23/2021,,,,
9/24/2021,,6.65833,55,
9/25/2021,,,,
9/26/2021,,,,
9/27/2021,,7.71667,58,
9/28/2021,,6.36667,59,
9/29/2021,,6,55,
9/30/2021,,5.925,53,
10/1/2021,,6.875,59,
10/2/2021,,5.9,55,
10/3/2021,,8.1,61,
10/4/2021,,6.88333,54,
10/5/2021,,6.35,58,
10/6/2021,,6.05833,54,
10/7/2021,,6.63333,52,
10/8/2021,,6.9,53,
10/9/2021,,7.525,53,
10/10/2021,,7.39167,53,
10/11/2021,,7.41667,57,
10/12/2021,,6.625,54,
10/13/2021,,6.60833,55,
10/14/2021,,6.53333,55,
10/15/2021,,6.10833,55,
10/16/2021,,9.675,54,
10/17/2021,,7.90833,51,
10/18/2021,,7.825,55,
10/19/2021,,7.19167,55,
10/20/2021,,6.8,55,
10/21/2021,,5.475,53,
10/22/2021,,7.14167,54,
10/23/2021,,8.40833,56,
10/24/2021,,7.78333,56,
10/25/2021,,6.75833,54,
10/26/2021,,6.13333,55,
10/27/2021,,6.525,55,
10/28/2021,,7.04167,54,
10/29/2021,,6.70833,57,
10/30/2021,,7.3,55,
10/31/2021,,8.59167,54,
11/1/2021,,6.825,58,
11/2/2021,,7.06667,51,
11/3/2021,,7.2,56,
11/4/2021,,4.925,55,
11/5/2021,,6.96667,55,
11/6/2021,,8.61667,54,
11/7/2021,,7.73333,54,
11/8/2021,,7.44167,55,
11/9/2021,,6.7,56,
11/10/2021,,6.96667,57,
11/11/2021,,7.8,59,
11/12/2021,,6.2,58,
11/13/2021,,7.04167,56,
11/14/2021,,7.775,60,
11/15/2021,,6.74167,56,
11/16/2021,,5.64167,54,
11/17/2021,,7,56,
11/18/2021,,7.375,62,
11/19/2021,,6.825,58,
11/20/2021,,7.55,55,
11/21/2021,,8.125,55,
11/22/2021,,6.69167,59,
11/23/2021,,7.14167,60,
11/24/2021,,6.59167,59,
11/25/2021,,7.31667,57,
11/26/2021,,7.79167,61,
11/27/2021,,8.825,60,
11/28/2021,,7.65,58,
11/29/2021,,6.66667,56,
11/30/2021,,6.91667,57,
12/1/2021,,6.24167,58,
12/2/2021,,6.51667,58,
12/3/2021,,6.81667,56,
12/4/2021,,5.65833,59,
12/5/2021,,,,
12/6/2021,,,,
12/7/2021,,7.49167,60,
12/8/2021,,,,
12/9/2021,,5.26667,59,
12/10/2021,,6.59167,53,
12/11/2021,,6.51667,60,
12/12/2021,,7.125,64,
12/13/2021,,,,
12/14/2021,,,,
12/15/2021,,6.375,60,
12/16/2021,,6.91667,57,
12/17/2021,,6.81667,56,
12/18/2021,,7.53333,55,
12/19/2021,,8.24167,55,
12/20/2021,,7.03333,63,
12/21/2021,,6.45,59,
12/22/2021,,6.8,58,
12/23/2021,,,,
12/24/2021,,,,
12/25/2021,,6.35,55,
12/26/2021,,8.41667,56,
12/27/2021,,,,
12/28/2021,,7.36667,58,
12/29/2021,,8.30833,58,
12/30/2021,,10.1,58,
12/31/2021,,6.6,58,
1/1/2022,,,,
1/2/2022,,9.8,58,
1/3/2022,,7.34167,60,
1/4/2022,,8.525,61,
1/5/2022,,6.70833,53,
1/6/2022,,7.225,60,
1/7/2022,,6.80833,56,
1/8/2022,,8.85833,58,
1/9/2022,,7.675,57,
1/10/2022,,7.23333,56,
1/11/2022,,6.60833,56,
1/12/2022,,7.275,55,
1/13/2022,,7.09167,54,
1/14/2022,,7.00833,57,
1/15/2022,,7.55,57,
1/16/2022,,6.81667,58,
1/17/2022,,7.45,59,
1/18/2022,,6.85833,56,
1/19/2022,,7.16667,58,
1/20/2022,,6.41667,61,
1/21/2022,,6.25,62,
1/22/2022,,7.98333,55,
1/23/2022,,6.98333,59,
1/24/2022,,7,54,
1/25/2022,,7.25833,55,
1/26/2022,,7.50833,55,
1/27/2022,,7.11667,55,
1/28/2022,,7.28333,57,
1/29/2022,,8.46667,54,
1/30/2022,,8.6,55,
1/31/2022,,7.75833,56,
2/1/2022,,6.54167,57,
2/2/2022,,7.15833,59,
2/3/2022,,7.8,57,
2/4/2022,,7.01667,55,
2/5/2022,,7.6,58,
2/6/2022,,7.93333,56,
2/7/2022,,7.20833,57,
2/8/2022,,7.75833,58,
2/9/2022,,7.55833,55,
2/10/2022,,6.84167,54,
2/11/2022,,7.23333,56,
2/12/2022,,8.21667,53,
2/13/2022,,8.03333,52,
2/14/2022,,7.95,54,
2/15/2022,,7.91667,57,
2/16/2022,,6.325,53,
2/17/2022,,7.01667,55,
2/18/2022,,7.19167,56,
2/19/2022,,8.06667,57,
2/20/2022,,6.725,58,
2/21/2022,,8.5,55,
2/22/2022,,6.18333,57,
2/23/2022,,,,
2/24/2022,,6.75,51,
2/25/2022,,7.30833,57,
2/26/2022,,7.56667,55,
2/27/2022,,7.74167,57,
2/28/2022,,7.08333,58,
3/1/2022,,6.6,58,
3/2/2022,,6.76667,56,
3/3/2022,,6.2,54,
3/4/2022,,6.18333,55,
3/5/2022,,7.9,59,
3/6/2022,,8.20833,57,
3/7/2022,,6.425,57,
3/8/2022,,7.15833,56,
3/9/2022,,6.45833,55,
3/10/2022,,7.975,55,
3/11/2022,,7.29167,55,
3/12/2022,,6.99167,57,
3/13/2022,,6.725,57,
3/14/2022,,,,
3/15/2022,,7.63333,55,
3/16/2022,,6.69167,61,
3/17/2022,,7.29167,58,
3/18/2022,,6.93333,57,
3/19/2022,,6.74167,61,
3/20/2022,,,,
3/21/2022,,7.33333,60,
3/22/2022,,7.56667,59,
3/23/2022,,7.875,58,
3/24/2022,,7.14167,58,
3/25/2022,,7.31667,58,
3/26/2022,,6.68333,58,
3/27/2022,,6.96667,60,
3/28/2022,,5.60833,55,
3/29/2022,,6.45,53,
3/30/2022,,7.13333,56,
3/31/2022,,7.35833,55,
4/1/2022,,6.05833,58,
4/2/2022,,8.43333,55,
4/3/2022,,7.49167,56,
4/4/2022,,7.775,55,
4/5/2022,,6.60833,62,
4/6/2022,,7.20833,56,
4/7/2022,,7.29167,58,
4/8/2022,,7.26667,56,
4/9/2022,,7.28333,54,
4/10/2022,,8.03333,53,
4/11/2022,,7.76667,55,
4/12/2022,,6.96667,56,
4/13/2022,,6.9,55,
4/14/2022,,7.71667,57,
4/15/2022,,5.9,56,
4/16/2022,,9.60833,56,
4/17/2022,,6.48333,57,
4/18/2022,,7.95,55,
4/19/2022,,6.95833,57,
4/20/2022,,6.80833,59,
4/21/2022,,7.13333,63,
4/22/2022,,6.21667,58,
4/23/2022,,5.09167,57,
4/24/2022,,9.53333,56,
4/25/2022,,7.21667,57,
4/26/2022,,7.13333,61,
4/27/2022,,6.63333,64,
4/28/2022,,6.01667,60,
4/29/2022,,5.95,56,
4/30/2022,,6.55833,63,
5/1/2022,,6.59167,64,
5/2/2022,,7.85833,58,
5/3/2022,,6.43333,58,
5/4/2022,,6.90833,55,
5/5/2022,,6.90833,58,
5/6/2022,,6.99167,55,
5/7/2022,,7.85833,58,
5/8/2022,,7.36667,55,
5/9/2022,,7.1,53,
5/10/2022,,7.75,53,
5/11/2022,,7.35,61,
5/12/2022,,5.825,60,
5/13/2022,,7.23333,56,
5/14/2022,,8.03333,55,
5/15/2022,,7.95833,62,
5/16/2022,,7.125,53,
5/17/2022,,6.33333,57,
5/18/2022,,6.825,55,
5/19/2022,,6.43333,59,
5/20/2022,,6.825,52,
5/21/2022,,6.6,54,
5/22/2022,,7.19167,54,
5/23/2022,,6.50833,55,
5/24/2022,,6.98333,54,
5/25/2022,,6.05833,61,
5/26/2022,,5.28333,59,
5/27/2022,,7.10833,60,
5/28/2022,,7.675,59,
5/29/2022,,8.30833,55,
5/30/2022,,7.20833,59,
5/31/2022,,5.93333,64,
6/1/2022,,6.56667,58,
6/2/2022,,7.55833,60,
6/3/2022,,7.05833,59,
6/4/2022,,7.375,57,
6/5/2022,,7.09167,55,
6/6/2022,,6.25833,59,
6/7/2022,,6.78333,57,
6/8/2022,,6.51667,55,
6/9/2022,,6.74167,57,
6/10/2022,,6.86667,57,
6/11/2022,,8.09167,54,
6/12/2022,13.5,7.30833,57,162
6/13/2022,,7.35,60,
6/14/2022,,6.76667,56,
