Date,Body fat(%),Sleep(hours),Heart rate(bpm),Weight(lbs)
2018-10-15,,,92.0,
2018-10-16,,,51.0,
2018-10-17,,,56.0,
2018-10-18,,,58.0,
2018-10-19,,,57.0,
2018-10-20,,,85.0,
2018-10-21,,,51.0,
2018-10-22,,,56.0,
2018-10-23,,,55.0,
2018-10-24,,,51.0,
2018-10-25,,,54.0,
2018-10-26,,,60.0,
2018-10-27,,,57.0,
2018-10-28,,,69.0,
2018-10-29,,,51.0,
2018-10-30,,,66.0,
2018-10-31,,,68.0,
2018-11-01,,,67.0,
2018-11-02,,,55.0,169.0
2018-11-03,,,62.0,
2018-11-04,,,56.0,167.0
2018-11-05,,,88.0,169.0
2018-11-06,,,63.0,
2018-11-07,,,54.0,170.0
2018-11-08,,,60.0,171.0
2018-11-09,,,90.0,
2018-11-10,,,101.0,170.0
2018-11-11,,,67.0,169.0
2018-11-12,,,62.0,
2018-11-13,,,59.0,168.0
2018-11-14,,,57.0,
2018-11-15,,,61.0,
2018-11-16,,,103.0,
2018-11-17,,,67.0,
2018-11-18,,,54.0,170.0
2018-11-19,,,63.0,169.0
2018-11-20,,,52.0,
2018-11-21,,,51.0,167.0
2018-11-22,,,54.0,
2018-11-23,,,65.0,
2018-11-24,,,62.0,
2018-11-25,,,57.0,169.0
2018-11-26,,,58.0,170.0
2018-11-27,,,57.0,171.0
2018-11-28,,,63.0,171.0
2018-11-29,,,58.0,169.0
2018-11-30,,,66.0,171.0
2018-12-01,,,55.0,169.0
2018-12-02,,,59.0,167.0
2018-12-03,,,52.0,
2018-12-04,,,57.0,
2018-12-05,,,57.0,
2018-12-06,,,57.0,
2018-12-07,,,63.0,
2018-12-08,,,61.0,168.0
2018-12-09,,,55.0,
2018-12-10,,,56.0,
2018-12-11,,,57.0,
2018-12-12,,,,
2018-12-13,,,66.0,
2018-12-14,,,64.0,
2018-12-15,,,,170.0
2018-12-16,,,55.0,170.0
2018-12-17,,,67.0,171.0
2018-12-18,,,67.0,
2018-12-19,,,62.0,170.0
2018-12-20,,,49.0,
2018-12-21,,,54.0,170.0
2018-12-22,,,68.0,170.0
2018-12-23,,,67.0,
2018-12-24,,,63.0,
2018-12-25,,,57.0,
2018-12-26,,,63.0,170.0
2018-12-27,,,60.0,
2018-12-28,,,55.0,
2018-12-29,,,57.0,171.0
2018-12-30,,,65.0,169.0
2018-12-31,,,57.0,169.0
2019-01-01,,,62.0,
2019-01-02,,,60.0,
2019-01-03,,,60.0,
2019-01-04,,,54.0,171.0
2019-01-05,,,52.0,172.0
2019-01-06,,,74.0,171.0
2019-01-07,,,53.0,169.0
2019-01-08,,,61.0,
2019-01-09,,,54.0,
2019-01-10,,,54.0,
2019-01-11,,,66.0,
2019-01-12,,,64.0,169.0
2019-01-13,,,,
2019-01-14,,,57.0,
2019-01-15,,,56.0,
2019-01-16,,,74.0,170.0
2019-01-17,,,59.0,170.0
2019-01-18,,,79.0,
2019-01-19,,,52.0,167.0
2019-01-20,,,56.0,
2019-01-21,,,62.0,169.0
2019-01-22,,,54.0,
2019-01-23,,,64.0,
2019-01-24,,,64.0,
2019-01-25,,,51.0,
2019-01-26,,,56.0,167.0
2019-01-27,,,54.0,168.0
2019-01-28,,,60.0,
2019-01-29,,,54.0,
2019-01-30,,,50.0,
2019-01-31,,,63.0,168.0
2019-02-01,,,55.0,
2019-02-02,,,56.0,166.0
2019-02-03,,,66.0,168.0
2019-02-04,,,60.0,
2019-02-05,,,67.0,
2019-02-06,,,60.0,
2019-02-07,,,63.0,
2019-02-08,,,45.0,
2019-02-09,,,67.0,
2019-02-10,,,63.0,170.0
2019-02-11,,,60.0,172.0
2019-02-12,,,60.0,170.0
2019-02-13,,,76.0,169.0
2019-02-14,,,54.0,
2019-02-15,,,61.0,
2019-02-16,,,57.0,
2019-02-17,,,60.0,
2019-02-18,,,60.0,
2019-02-19,,,62.0,171.0
2019-02-20,,,56.0,
2019-02-21,,,53.0,
2019-02-22,,,54.0,
2019-02-23,,,61.0,
2019-02-24,,,60.0,169.0
2019-02-25,,,67.0,
2019-02-26,,,71.0,172.0
2019-02-27,,,55.0,
2019-02-28,,,48.0,
2019-03-01,,,62.0,
2019-03-02,,,62.0,
2019-03-03,,,74.0,170.0
2019-03-04,,,50.0,
2019-03-05,,,64.0,
2019-03-06,,,65.0,
2019-03-07,,,58.0,
2019-03-08,,,68.0,172.0
2019-03-09,,,65.0,171.0
2019-03-09,,,65.0,169.0
2019-03-10,,,63.0,
2019-03-11,,,63.0,
2019-03-12,,,56.0,171.0
2019-03-13,,,57.0,
2019-03-14,,,59.0,
2019-03-15,,,60.0,
2019-03-16,,,59.0,
2019-03-17,,,64.0,171.0
2019-03-18,,,58.0,
2019-03-19,,,48.0,
2019-03-20,,,56.0,
2019-03-21,,,56.0,170.0
2019-03-22,,,63.0,
2019-03-23,,,54.0,169.0
2019-03-24,,,60.0,170.0
2019-03-25,,,56.0,
2019-03-26,,,54.0,169.0
2019-03-27,,,168.0,168.0
2019-03-28,,,60.0,
2019-03-29,,,63.0,
2019-03-30,,,54.0,168.0
2019-03-31,,,54.0,167.0
2019-04-01,,,64.0,170.0
2019-04-02,,,55.0,
2019-04-03,,,58.0,
2019-04-04,,,72.0,
2019-04-05,,,,
2019-04-06,,,81.0,170.0
2019-04-07,,,100.0,
2019-04-08,,,64.0,
2019-04-09,,,60.0,
2019-04-10,,,64.0,
2019-04-11,,,60.0,171.0
2019-04-12,,,64.0,
2019-04-13,,,70.0,
2019-04-14,,,68.0,
2019-04-15,,,65.0,
2019-04-16,,,66.0,
2019-04-17,,,69.0,
2019-04-18,,,55.0,
2019-04-19,,,56.0,
2019-04-20,,,70.0,171.0
2019-04-21,,,54.0,170.0
2019-04-22,,,59.0,
2019-04-23,,,54.0,
2019-04-24,,,90.0,169.0
2019-04-25,,,59.0,
2019-04-26,,,57.0,
2019-04-27,,,66.0,
2019-04-28,,,58.0,
2019-04-29,,,67.0,
2019-04-30,,,50.0,171.0
2019-05-01,,,62.0,172.0
2019-05-02,,,57.0,169.0
2019-05-03,,,73.0,169.0
2019-05-03,,,73.0,168.0
2019-05-04,,,53.0,166.0
2019-05-05,,,73.5632,167.0
2019-05-06,,,,
2019-05-07,,,,
2019-05-08,,,,
2019-05-09,,,,
2019-05-10,,,,
2019-05-11,,,80.3045,167.0
2019-05-12,,,72.3781,168.0
2019-05-13,,,65.0,
2019-05-14,,,52.0,
2019-05-15,,,57.0,
2019-05-16,,,68.6934,
2019-05-17,,,71.7439,
2019-05-18,,,81.4025,169.0
2019-05-19,,,72.768,
2019-05-20,,,82.7321,
2019-05-21,,,76.5443,
2019-05-22,,,81.3613,
2019-05-23,,,70.8835,
2019-05-24,,,67.3634,
2019-05-25,,,67.946,
2019-05-26,,,74.842,
2019-05-27,,,70.6455,
2019-05-28,,,65.8654,
2019-05-29,,,71.3091,
2019-05-30,,,73.7446,
2019-05-31,,,81.6569,167.0
2019-06-01,,,70.0,
2019-06-02,,,52.0,
2019-06-03,,,54.0,
2019-06-04,,,60.0,
2019-06-05,,,55.0,
2019-06-06,,,60.0,
2019-06-07,,,67.0,
2019-06-08,,,,167.0
2019-06-09,,,67.0,168.0
2019-06-10,,,56.0,
2019-06-11,,,63.0,
2019-06-12,,,54.0,
2019-06-13,,,60.0,
2019-06-14,,,49.0,167.0
2019-06-15,,,60.0,165.0
2019-06-16,,,63.0,164.0
2019-06-17,,,57.0,
2019-06-18,,,53.0,
2019-06-19,,,60.0,
2019-06-20,,,57.0,167.0
2019-06-21,,,54.0,166.0
2019-06-22,,,70.0,165.0
2019-06-23,,,63.0,167.0
2019-06-23,,,63.0,165.0
2019-06-24,,,48.0,166.0
2019-06-25,,,54.0,166.0
2019-06-26,,,55.0,
2019-06-27,,,60.0,
2019-06-28,,,58.0,
2019-06-29,,,70.0,166.0
2019-06-30,,,59.0,166.0
2019-07-01,,,60.0,168.0
2019-07-02,,,56.0,167.0
2019-07-03,,,55.0,
2019-07-04,,,77.0,164.0
2019-07-05,,,54.0,
2019-07-06,,,63.0,165.0
2019-07-07,,,58.0,164.0
2019-07-08,,,54.0,166.0
2019-07-09,,,54.0,
2019-07-10,,,62.0,
2019-07-11,,,58.0,165.0
2019-07-12,,,57.0,
2019-07-13,,,57.0,165.0
2019-07-14,,,54.0,165.0
2019-07-15,,,62.0,
2019-07-16,,,71.0,
2019-07-17,,,49.0,
2019-07-18,,,72.0,
2019-07-19,,,65.0,
2019-07-20,,,74.0,165.0
2019-07-21,,,54.0,165.0
2019-07-22,,,62.0,166.0
2019-07-23,,,60.0,
2019-07-24,,,51.0,
2019-07-25,,,62.0,
2019-07-26,,,60.0,
2019-07-27,,,51.0,
2019-07-28,,,59.0,
2019-07-29,,,60.0,
2019-07-30,,,58.0,
2019-07-31,,,87.0,
2019-08-01,,,54.0,
2019-08-02,,,55.0,
2019-08-03,,,62.0,
2019-08-04,,,88.0,
2019-08-05,,,58.0,
2019-08-06,,,52.0,
2019-08-07,,,53.0,166.0
2019-08-08,,,63.0,165.0
2019-08-09,,,60.0,
2019-08-10,,,82.0,
2019-08-11,,,64.0,
2019-08-12,,,55.0,166.0
2019-08-13,,,63.0,
2019-08-14,,,66.0,
2019-08-15,,,62.0,
2019-08-16,,,60.0,
2019-08-17,,,63.0,163.0
2019-08-18,,,54.0,164.0
2019-08-19,,,50.0,
2019-08-20,,,59.0,
2019-08-21,,,59.0,
2019-08-22,,,54.0,163.0
2019-08-23,,,62.0,
2019-08-24,,,71.0,
2019-08-25,,,62.0,164.0
2019-08-26,,,101.0,
2019-08-27,,,49.0,165.0
2019-08-28,,,60.0,
2019-08-29,,,54.0,164.0
2019-08-30,,,60.0,
2019-08-31,,,59.0,163.0
2019-09-01,,,60.0,162.0
2019-09-02,,,65.0,163.0
2019-09-03,,,55.0,
2019-09-04,,,58.0,
2019-09-05,,,60.0,
2019-09-06,,,57.0,
2019-09-07,,,56.0,162.0
2019-09-08,,,63.0,163.0
2019-09-09,,,66.0,164.0
2019-09-10,,,57.0,164.0
2019-09-11,,,60.0,164.0
2019-09-12,,,63.0,
2019-09-13,,,63.0,
2019-09-14,,,60.0,163.0
2019-09-15,,,62.0,163.0
2019-09-16,,,49.0,
2019-09-17,,,99.0,
2019-09-18,,,53.0,
2019-09-19,,,46.0,
2019-09-20,,,54.0,
2019-09-21,,,56.0,162.0
2019-09-22,,,52.0,162.0
2019-09-23,,,78.0,
2019-09-24,,,59.0,162.0
2019-09-25,,,70.0,
2019-09-26,,,62.0,
2019-09-27,,,70.0,
2019-09-28,,,58.0,160.0
2019-09-29,,,53.0,
2019-09-30,,,61.0,
2019-10-01,,,51.0,
2019-10-02,,,104.0,
2019-10-03,,,54.0,
2019-10-04,,,,
2019-10-05,,,,
2019-10-06,,,,
2019-10-07,,,66.0,
2019-10-08,,,52.0,
2019-10-09,,,,
2019-10-10,,,,
2019-10-11,,,,
2019-10-12,,,,
2019-10-13,,,,
2019-10-14,,,,
2019-10-15,,,,
2019-10-16,,,,
2019-10-17,,,,
2019-10-18,,,,
2019-10-19,,,,
2019-10-20,,,,
2019-10-21,,,,
2019-10-22,,,,
2019-10-23,,,61.0,
2019-10-24,,,,
2019-10-25,,,,
2019-10-26,,,,
2019-10-27,,,,
2019-10-28,,,,
2019-10-29,,,,
2019-10-30,,,,
2019-10-31,,,,
2019-11-01,,,,
2019-11-02,,,,
2019-11-03,,,,
2019-11-04,,,,
2019-11-05,,,,
2019-11-06,,,,
2019-11-07,,,,
2019-11-08,,,,
2019-11-09,,,,
2019-11-10,,,,
2019-11-11,,,,
2019-11-12,,,,
2019-11-13,,,,
2019-11-14,,,,
2019-11-15,,,,
2019-11-16,,,,
2019-11-17,,,,
2019-11-18,,,,
2019-11-19,,,,
2019-11-20,,,,
2019-11-21,,,,
2019-11-22,,,,
2019-11-23,,,,
2019-11-24,,,,
2019-11-25,,,,
2019-11-26,,,,
2019-11-27,,,,
2019-11-28,,,,
2019-11-29,,,,
2019-11-30,,,,
2019-12-01,,,,
2019-12-02,,,,
2019-12-03,,,,
2019-12-04,,,,
2019-12-05,,,,
2019-12-06,,,,
2019-12-07,,,,
2019-12-08,,,,
2019-12-09,,,,
2019-12-10,,,,
2019-12-11,,,,
2019-12-12,,,,
2019-12-13,,,,
2019-12-14,,,,
2019-12-15,,,,
2019-12-16,,,,
2019-12-17,,,59.0,
2019-12-18,,,60.0,
2019-12-19,,,118.0,
2019-12-20,,,,
2019-12-21,,,,
2019-12-22,,,,
2019-12-23,,,,
2019-12-24,,,,
2019-12-25,,,,
2019-12-26,,,,
2019-12-27,,,,
2019-12-28,,,,
2019-12-29,,,,
2019-12-30,,,58.0,
2019-12-31,,,102.0,
2020-01-01,,,69.0,
2020-01-02,,,62.0,
2020-01-03,,,115.0,
2020-01-04,,,91.0,165.0
2020-01-05,14.6191,,72.0,172.842
2020-01-05,14.6191,,72.0,172.842
2020-01-05,14.6191,,72.0,168.874
2020-01-05,14.6191,,72.0,172.842
2020-01-05,14.6191,,72.0,172.842
2020-01-05,14.6191,,72.0,168.874
2020-01-05,14.166,,72.0,172.842
2020-01-05,14.166,,72.0,172.842
2020-01-05,14.166,,72.0,168.874
2020-01-06,13.9701,,111.0,167.221
2020-01-06,13.9701,,111.0,167.221
2020-01-06,13.9701,,111.0,167.221
2020-01-06,13.9701,,111.0,167.221
2020-01-07,13.8082,,55.0,165.677
2020-01-08,13.8082,,64.0,165.677
2020-01-09,13.6177,,109.0,164.134
2020-01-10,13.6122,,137.0,164.024
2020-01-10,13.6122,,137.0,164.024
2020-01-10,13.6122,,137.0,164.024
2020-01-10,13.6122,,137.0,164.024
2020-01-10,13.6122,,137.0,164.024
2020-01-10,13.6122,,137.0,164.024
2020-01-10,13.6122,,137.0,164.024
2020-01-10,13.6122,,137.0,164.024
2020-01-10,13.6122,,137.0,164.024
2020-01-11,,,110.0,
2020-01-12,,,55.0,
2020-01-13,,,59.0,
2020-01-14,13.702,,93.0,164.685
2020-01-15,13.702,,68.0,164.685
2020-01-16,13.4558,,81.0,162.591
2020-01-17,13.6068,,56.0,163.914
2020-01-18,,,66.0,
2020-01-19,,,83.0,
2020-01-20,,,94.0,
2020-01-21,,,139.0,
2020-01-22,13.8027,,93.0,165.567
2020-01-23,13.6177,,90.0,164.134
2020-01-24,13.7633,,84.0,165.347
2020-01-25,,,71.0,163.0
2020-01-26,,,79.0,
2020-01-27,,,81.0,
2020-01-28,13.7075,,90.0,164.796
2020-01-29,13.9034,,81.0,166.449
2020-01-30,13.6626,,61.0,164.465
2020-01-31,14.1714,,63.0,168.984
2020-02-01,,,90.0,
2020-02-02,,,126.0,164.0
2020-02-03,,,66.0,
2020-02-04,13.5619,,86.0,163.583
2020-02-05,13.6517,,54.0,164.244
2020-02-06,13.4163,,74.0,162.37
2020-02-07,13.4,,63.0,162.04
2020-02-08,13.6177,,75.0,164.134
2020-02-09,,,54.0,
2020-02-10,13.517,,100.0,163.252
2020-02-11,13.6122,,81.0,164.024
2020-02-12,,,60.0,
2020-02-13,13.4163,,75.0,162.37
2020-02-14,,,60.0,
2020-02-15,,,66.0,163.0
2020-02-16,,,81.0,
2020-02-17,,,90.0,
2020-02-18,13.8027,,75.0,165.567
2020-02-19,13.551,,67.0,163.363
2020-02-20,,,87.0,
2020-02-21,,,62.0,
2020-02-22,,,72.0,163.0
2020-02-23,,,69.0,
2020-02-24,,,112.0,
2020-02-25,13.3551,,,161.709
2020-02-26,13.4721,,,162.922
2020-02-27,13.5061,,,163.032
2020-02-28,13.5565,,72.0,163.473
2020-02-29,,,72.0,
2020-03-01,,,66.0,163.8
2020-03-02,,,133.0,
2020-03-03,13.6231,,85.0,164.244
2020-03-04,13.6122,,102.0,164.024
2020-03-05,13.4558,,115.0,162.591
2020-03-06,,,51.0,163.0
2020-03-07,,,84.0,163.0
2020-03-08,,,,
2020-03-09,,,58.0,
2020-03-10,14.0095,,58.0,167.441
2020-03-11,13.7578,,110.0,165.236
2020-03-12,13.7633,,65.0,165.347
2020-03-13,13.8694,,57.0,166.339
2020-03-14,,,76.0,
2020-03-15,,,60.0,163.0
2020-03-16,,,54.0,164.0
2020-03-17,13.6571,,60.0,164.355
2020-03-18,,,61.0,
2020-03-19,,,60.0,
2020-03-20,,,55.0,
2020-03-21,,,55.0,
2020-03-22,,,59.0,
2020-03-23,,,68.0,
2020-03-24,,,55.0,
2020-03-25,,,89.0,
2020-03-26,,,63.0,
2020-03-27,,,54.0,
2020-03-28,,,85.0,164.0
2020-03-29,,,61.0,
2020-03-30,,,54.0,
2020-03-31,,,69.0,
2020-04-01,,,56.0,
2020-04-02,,,54.0,
2020-04-03,,,,
2020-04-04,,,,164.0
2020-04-05,,,68.0,
2020-04-06,,,74.0,
2020-04-07,,,63.0,
2020-04-08,,,71.0,
2020-04-09,,,60.0,166.0
2020-04-10,,,60.0,
2020-04-11,,,53.0,166.0
2020-04-12,,,61.0,
2020-04-13,,,58.0,166.0
2020-04-14,,,63.0,
2020-04-15,,,57.0,
2020-04-16,,,52.0,
2020-04-17,,,56.0,165.0
2020-04-18,,,56.0,164.0
2020-04-19,,,62.0,
2020-04-20,,,61.0,
2020-04-21,,,56.0,
2020-04-22,,,58.0,
2020-04-23,,,55.0,166.0
2020-04-24,,,59.0,
2020-04-25,,,55.0,
2020-04-26,,,55.0,
2020-04-27,,,63.0,
2020-04-28,,,101.0,
2020-04-29,,,88.0,167.0
2020-04-30,,,63.0,
2020-05-01,,,111.0,167.0
2020-05-02,,,91.0,
2020-05-03,,,128.0,
2020-05-04,,,94.0,
2020-05-05,,,55.0,168.0
2020-05-06,,,61.0,
2020-05-07,,,55.0,166.0
2020-05-08,,,67.0,
2020-05-09,,,57.0,166.0
2020-05-10,,,60.0,165.0
2020-05-11,,,66.0,
2020-05-12,,,60.0,
2020-05-13,,,77.0,
2020-05-14,,,57.0,
2020-05-15,,,65.0,
2020-05-16,,,56.0,165.0
2020-05-17,,,58.0,
2020-05-18,,,58.0,165.0
2020-05-19,,,61.0,165.0
2020-05-20,,,61.0,
2020-05-21,,,60.0,
2020-05-22,,,60.0,
2020-05-23,,,54.0,
2020-05-24,,,49.0,
2020-05-25,,,53.0,
2020-05-26,,,58.0,
2020-05-27,,,59.0,
2020-05-28,,,60.0,
2020-05-29,,,59.0,
2020-05-30,,,51.0,166.0
2020-05-31,,,68.0,
2020-06-01,,,,
2020-06-02,,,59.0,
2020-06-03,,,55.0,165.0
2020-06-04,,,59.0,
2020-06-05,,,60.0,
2020-06-06,,,59.0,
2020-06-07,,,50.0,
2020-06-08,,,56.0,165.0
2020-06-09,,,58.0,
2020-06-10,,,53.0,165.0
2020-06-11,,,52.0,
2020-06-12,,,53.0,
2020-06-13,,,57.0,
2020-06-14,,,54.0,166.0
2020-06-15,,,49.0,
2020-06-16,,,52.0,
2020-06-17,,,61.0,166.0
2020-06-18,,,59.0,
2020-06-19,,,58.0,
2020-06-20,,,58.0,
2020-06-21,,,59.0,166.0
2020-06-22,,,64.0,
2020-06-23,,,53.0,
2020-06-24,,,66.0,
2020-06-25,,,54.0,
2020-06-26,,,60.0,
2020-06-27,,,51.0,
2020-06-28,,,51.0,
2020-06-29,,,50.0,
2020-06-30,,,54.0,
2020-07-01,,,60.0,
2020-07-02,,,57.0,
2020-07-03,,,68.0,
2020-07-04,,,50.0,
2020-07-05,,,66.0,
2020-07-06,,,56.0,163.0
2020-07-07,,,56.0,
2020-07-08,,,56.0,163.0
2020-07-09,13.9429,,60.0,166.669
2020-07-09,13.9429,,60.0,164.024
2020-07-09,13.6408,,60.0,166.669
2020-07-09,13.6408,,60.0,164.024
2020-07-10,,,55.0,
2020-07-11,13.5959,,54.0,163.693
2020-07-12,13.5347,,51.0,163.032
2020-07-13,13.6857,,52.0,164.355
2020-07-14,13.6014,,57.0,163.803
2020-07-15,13.6857,,70.0,164.355
2020-07-16,14.0993,,55.0,168.102
2020-07-16,14.0993,,55.0,164.465
2020-07-16,14.0993,,55.0,164.465
2020-07-16,14.0993,,55.0,164.465
2020-07-16,13.6912,,55.0,168.102
2020-07-16,13.6912,,55.0,164.465
2020-07-16,13.6912,,55.0,164.465
2020-07-16,13.6912,,55.0,164.465
2020-07-16,13.6912,,55.0,168.102
2020-07-16,13.6912,,55.0,164.465
2020-07-16,13.6912,,55.0,164.465
2020-07-16,13.6912,,55.0,164.465
2020-07-16,13.6912,,55.0,168.102
2020-07-16,13.6912,,55.0,164.465
2020-07-16,13.6912,,55.0,164.465
2020-07-16,13.6912,,55.0,164.465
2020-07-17,13.7864,,67.0,165.236
2020-07-17,13.7864,,67.0,165.236
2020-07-17,13.7864,,67.0,165.236
2020-07-17,13.7864,,67.0,165.236
2020-07-18,,,55.0,
2020-07-19,13.7469,,59.0,165.016
2020-07-19,13.7469,,59.0,165.0
2020-07-20,13.781,,79.0,165.126
2020-07-20,13.781,,79.0,165.126
2020-07-20,13.781,,79.0,165.126
2020-07-20,13.781,,79.0,165.126
2020-07-21,,,58.0,
2020-07-22,13.7864,,58.0,165.236
2020-07-23,,,57.0,
2020-07-24,,,69.0,
2020-07-25,13.8422,,52.0,165.788
2020-07-26,,,51.0,
2020-07-27,13.7361,,54.0,164.796
2020-07-28,13.9034,,55.0,166.449
2020-07-28,13.9034,,55.0,166.118
2020-07-28,13.8871,,55.0,166.449
2020-07-28,13.8871,,55.0,166.118
2020-07-29,13.9483,,51.0,166.78
2020-07-30,13.8422,,60.0,165.788
2020-07-31,13.5959,,60.0,163.693
2020-08-01,13.6912,,59.0,164.465
2020-08-02,,,60.0,
2020-08-03,13.7361,,53.0,164.796
2020-08-04,13.9878,,,167.0
2020-08-04,13.9878,,,165.236
2020-08-04,13.7864,,,167.0
2020-08-04,13.7864,,,165.236
2020-08-05,,,53.0,
2020-08-06,,,59.0,
2020-08-07,13.898,,53.0,166.339
2020-08-07,13.898,,53.0,165.788
2020-08-07,13.8422,,53.0,166.339
2020-08-07,13.8422,,53.0,165.788
2020-08-08,,,57.0,165.0
2020-08-09,,,56.0,
2020-08-10,13.8422,,57.0,165.788
2020-08-11,,,55.0,166.0
2020-08-12,13.781,,54.0,165.126
2020-08-13,,,53.0,
2020-08-14,13.6803,,59.0,164.244
2020-08-15,,,55.0,
2020-08-16,,,54.0,
2020-08-17,,,65.0,
2020-08-18,,,60.0,167.0
2020-08-19,13.8367,,50.0,165.677
2020-08-20,,,57.0,
2020-08-21,13.9483,,54.0,166.78
2020-08-21,13.9483,,54.0,166.669
2020-08-21,13.9429,,54.0,166.78
2020-08-21,13.9429,,54.0,166.669
2020-08-22,13.6857,,57.0,164.355
2020-08-23,,,56.0,
2020-08-24,13.5959,,60.0,163.693
2020-08-25,13.8816,,56.0,166.008
2020-08-26,,,54.0,
2020-08-27,,,57.0,
2020-08-28,13.898,,51.0,166.339
2020-08-29,13.702,,57.0,164.685
2020-08-30,,,58.0,
2020-08-31,,,53.0,
2020-09-01,13.7973,,56.0,165.457
2020-09-02,,,64.0,
2020-09-03,,,56.0,
2020-09-04,13.898,,71.0,166.339
2020-09-05,,,60.0,
2020-09-06,,,56.0,
2020-09-07,,,61.0,
2020-09-08,13.7306,,65.0,164.685
2020-09-09,,,54.0,
2020-09-10,,,78.0,
2020-09-11,13.7918,,56.0,165.347
2020-09-12,,,56.0,
2020-09-13,,,66.0,
2020-09-14,13.8313,,55.0,165.567
2020-09-14,13.8313,,55.0,165.567
2020-09-14,13.8027,,55.0,165.567
2020-09-14,13.8027,,55.0,165.567
2020-09-15,,,58.0,
2020-09-16,,,57.0,
2020-09-17,,,68.0,
2020-09-18,,,56.0,
2020-09-19,,,61.0,
2020-09-20,14.0884,,58.0,167.882
2020-09-20,14.0884,,58.0,164.465
2020-09-20,14.0884,,58.0,164.465
2020-09-20,14.0884,,58.0,164.465
2020-09-20,14.0884,,58.0,164.465
2020-09-20,13.6912,,58.0,167.882
2020-09-20,13.6912,,58.0,164.465
2020-09-20,13.6912,,58.0,164.465
2020-09-20,13.6912,,58.0,164.465
2020-09-20,13.6912,,58.0,164.465
2020-09-20,13.6912,,58.0,167.882
2020-09-20,13.6912,,58.0,164.465
2020-09-20,13.6912,,58.0,164.465
2020-09-20,13.6912,,58.0,164.465
2020-09-20,13.6912,,58.0,164.465
2020-09-20,13.6912,,58.0,167.882
2020-09-20,13.6912,,58.0,164.465
2020-09-20,13.6912,,58.0,164.465
2020-09-20,13.6912,,58.0,164.465
2020-09-20,13.6912,,58.0,164.465
2020-09-20,13.6912,,58.0,167.882
2020-09-20,13.6912,,58.0,164.465
2020-09-20,13.6912,,58.0,164.465
2020-09-20,13.6912,,58.0,164.465
2020-09-20,13.6912,,58.0,164.465
2020-09-21,,,68.0,
2020-09-22,13.9986,,54.0,167.221
2020-09-22,13.9986,,54.0,167.221
2020-09-22,13.9986,,54.0,167.221
2020-09-22,13.9986,,54.0,167.221
2020-09-23,14.0939,,63.0,167.992
2020-09-24,,,55.0,
2020-09-25,,,56.0,
2020-09-26,,,58.0,
2020-09-27,,,57.0,
2020-09-28,,,62.0,
2020-09-29,,,57.0,
2020-09-30,,,113.0,
2020-10-01,,,63.0,
2020-10-02,,,70.0,
2020-10-03,,,60.0,
2020-10-04,,,56.0,
2020-10-05,,,53.0,
2020-10-06,,,56.0,
2020-10-07,,,52.0,
2020-10-08,,,63.0,
2020-10-09,13.9823,,68.0,166.89
2020-10-09,13.9823,,68.0,166.89
2020-10-09,13.9823,,68.0,166.89
2020-10-09,13.9823,,68.0,166.89
2020-10-10,,,56.0,
2020-10-11,,,55.0,
2020-10-12,,,56.0,
2020-10-13,,,56.0,
2020-10-14,,,55.0,
2020-10-15,14.2952,,54.0,169.756
2020-10-15,14.2952,,54.0,169.095
2020-10-15,14.234,,54.0,169.756
2020-10-15,14.234,,54.0,169.095
2020-10-16,,,59.0,
2020-10-17,13.7306,,54.0,164.685
2020-10-18,13.8476,,55.0,165.898
2020-10-18,13.8476,,55.0,165.457
2020-10-18,13.7973,,55.0,165.898
2020-10-18,13.7973,,55.0,165.457
2020-10-19,13.8422,,54.0,165.788
2020-10-20,,,56.0,165.6
2020-10-21,,,53.0,
2020-10-22,14.083,,55.0,167.772
2020-10-22,14.083,,55.0,167.772
2020-10-22,14.083,,55.0,167.772
2020-10-22,14.083,,55.0,167.772
2020-10-23,,,54.0,
2020-10-24,,,60.0,
2020-10-25,,,54.0,
2020-10-26,,,56.0,
2020-10-27,,,85.0,
2020-10-28,,,63.0,
2020-10-29,,,63.0,
2020-10-30,,,62.0,
2020-10-31,,,55.0,
2020-11-01,14.0381,,72.0,167.441
2020-11-02,,,52.0,
2020-11-03,14.083,,74.0,167.772
2020-11-04,,,60.0,
2020-11-05,,,55.0,
2020-11-06,,,50.0,
2020-11-07,,,65.0,
2020-11-08,,,62.0,
2020-11-09,,,53.0,
2020-11-10,,,64.0,
2020-11-11,,,56.0,
2020-11-12,,,61.0,
2020-11-13,,,64.0,
2020-11-14,,,67.0,
2020-11-15,,,65.0,
2020-11-16,,,63.0,
2020-11-17,,,62.0,
2020-11-18,14.3007,,52.0,169.866
2020-11-19,,,56.0,
2020-11-20,,,65.0,
2020-11-21,,,66.0,
2020-11-22,,,59.0,
2020-11-23,,,70.0,
2020-11-24,,,56.0,
2020-11-25,,,68.0,
2020-11-26,,,52.0,
2020-11-27,,,55.0,
2020-11-28,,,75.0,
2020-11-29,,,65.0,
2020-11-30,14.4014,,68.0,170.748
2020-12-01,14.5918,,69.0,172.291
2020-12-02,14.3401,,69.0,170.087
2020-12-03,14.2898,,66.0,169.646
2020-12-04,14.2449,,64.0,169.315
2020-12-04,14.2449,,64.0,168.984
2020-12-04,14.2449,,64.0,168.984
2020-12-04,14.2,,64.0,169.315
2020-12-04,14.2,,64.0,168.984
2020-12-04,14.2,,64.0,168.984
2020-12-05,,,70.0,
2020-12-06,14.1946,,64.0,168.874
2020-12-07,,,68.0,
2020-12-08,,,72.0,
2020-12-09,14.3456,,113.0,170.197
2020-12-10,14.4571,,,171.299
2020-12-11,14.3401,,67.0,170.087
2020-12-11,14.3401,,67.0,170.087
2020-12-11,14.3401,,67.0,170.087
2020-12-11,14.3401,,67.0,170.087
2020-12-12,,,71.0,
2020-12-13,,,75.0,
2020-12-14,,,77.0,
2020-12-15,,,58.0,
2020-12-16,14.3007,,70.0,169.866
2020-12-16,14.3007,,70.0,169.866
2020-12-16,14.3007,,70.0,169.866
2020-12-16,14.3007,,70.0,169.866
2020-12-17,14.1388,,91.0,168.323
2020-12-18,13.9986,,73.0,167.221
2020-12-19,,,76.0,
2020-12-20,14.0327,,121.0,167.331
2020-12-21,,,96.0,
2020-12-22,,,58.0,
2020-12-23,,,75.0,
2020-12-24,,,54.0,
2020-12-25,,,67.0,
2020-12-26,,,68.0,
2020-12-27,,,115.0,
2020-12-28,,,79.0,
2020-12-29,,,76.0,
2020-12-30,,,62.0,
2020-12-31,,,94.0,
2021-01-01,,,81.486,
2021-01-02,,,59.0,
2021-01-03,,,63.0,
2021-01-04,13.9483,,69.0,166.8
2021-01-05,,,71.0,
2021-01-06,13.8871,,72.0,166.2
2021-01-07,,,70.0,
2021-01-08,,,75.0,
2021-01-09,,,75.0,
2021-01-10,13.9374,,71.0,166.6
2021-01-11,13.8816,,68.0,166.0
2021-01-12,,,84.0,
2021-01-13,,,61.0,
2021-01-14,,,69.0,
2021-01-15,,,76.0,
2021-01-16,,,68.0,
2021-01-17,,,57.0,
2021-01-18,,,75.0,
2021-01-19,14.049,,95.0,167.6
2021-01-20,,,55.0,
2021-01-21,,,60.0,
2021-01-22,,,59.0,
2021-01-23,,,61.0,
2021-01-24,,,67.0,
2021-01-25,,,66.0,
2021-01-26,14.1497,,81.0,168.6
2021-01-27,,,,
2021-01-28,,8.0,61.0,
2021-01-29,,7.65833,61.0,
2021-01-30,,,,
2021-01-31,,7.50833,58.0,
2021-02-01,,7.16667,58.0,
2021-02-02,,7.80833,56.0,
2021-02-03,,,,
2021-02-04,,6.8,56.0,
2021-02-05,,,,
2021-02-06,,,,
2021-02-07,,,,
2021-02-08,,,,
2021-02-09,,,,
2021-02-10,,6.84167,53.0,
2021-02-11,,5.24167,56.0,
2021-02-12,,,,
2021-02-13,,,,
2021-02-14,,,,
2021-02-15,,,,
2021-02-16,,7.15833,58.0,
2021-02-17,,6.46667,57.0,
2021-02-18,,6.3,55.0,
2021-02-19,,7.34167,62.0,
2021-02-20,,6.65833,58.0,
2021-02-21,,,,
2021-02-22,,7.19167,62.0,
2021-02-23,,7.09167,56.0,
2021-02-24,,7.28333,57.0,
2021-02-25,,7.5,56.0,
2021-02-26,,6.54167,59.0,
2021-02-27,,7.55,55.0,
2021-02-28,,7.68333,64.0,
2021-03-01,,7.65,57.0,
2021-03-02,,6.75833,54.0,
2021-03-03,,6.63333,59.0,
2021-03-04,,7.03333,59.0,
2021-03-05,,7.275,57.0,
2021-03-06,,7.45,56.0,
2021-03-07,,6.925,56.0,
2021-03-08,,7.05833,56.0,
2021-03-09,,7.0,59.0,
2021-03-10,,7.28333,57.0,
2021-03-11,,6.31667,55.0,
2021-03-12,,6.56667,59.0,
2021-03-13,,6.625,58.0,
2021-03-14,,6.78333,58.0,
2021-03-15,,7.16667,59.0,
2021-03-16,,6.50833,60.0,
2021-03-17,,6.88333,59.0,
2021-03-18,,7.275,58.0,
2021-03-19,,5.81667,61.0,
2021-03-20,,8.025,59.0,
2021-03-21,,6.45,60.0,
2021-03-22,,6.70833,58.0,
2021-03-23,,7.08333,54.0,
2021-03-24,,7.30833,56.0,
2021-03-25,,5.50833,57.0,
2021-03-26,,6.10833,59.0,
2021-03-27,,7.55833,56.0,
2021-03-28,,8.06667,57.0,
2021-03-29,,7.175,58.0,
2021-03-30,,6.825,58.0,
2021-03-31,,7.18333,61.0,
2021-04-01,,6.65,60.0,
2021-04-02,,6.98333,55.0,
2021-04-03,,6.45,57.0,
2021-04-04,,7.25833,58.0,
2021-04-05,,5.94167,58.0,
2021-04-06,,7.8,58.0,
2021-04-07,,6.03333,59.0,
2021-04-08,,6.99167,57.0,
2021-04-09,,7.45833,58.0,
2021-04-10,,8.49167,70.0,
2021-04-11,,7.96667,58.0,
2021-04-12,,7.83333,57.0,
2021-04-13,,6.83333,58.0,
2021-04-14,,6.69167,57.0,
2021-04-15,,6.95833,59.0,
2021-04-16,,7.16667,56.0,
2021-04-17,,7.58333,57.0,
2021-04-18,,7.80833,57.0,
2021-04-19,,6.875,61.0,
2021-04-20,,6.825,60.0,
2021-04-21,,7.08333,60.0,
2021-04-22,,7.625,54.0,
2021-04-23,,6.4,60.0,
2021-04-24,,8.24167,54.0,
2021-04-25,,8.575,56.0,
2021-04-26,,7.61667,59.0,
2021-04-27,,6.85833,57.0,
2021-04-28,,6.45833,56.0,
2021-04-29,,7.75,59.0,
2021-04-30,,6.5,58.0,
2021-05-01,,6.9,57.0,
2021-05-02,,6.25,59.0,
2021-05-03,,6.8,59.0,173.0
2021-05-04,,7.19167,57.0,
2021-05-05,,7.125,56.0,
2021-05-06,,5.63333,57.0,
2021-05-07,,6.91667,55.0,
2021-05-08,,5.225,56.0,
2021-05-09,,5.825,56.0,
2021-05-10,,6.85833,55.0,
2021-05-11,,7.01667,53.0,
2021-05-12,,7.08333,54.0,
2021-05-13,,5.70833,56.0,
2021-05-14,,5.775,53.0,
2021-05-15,,5.61667,59.0,
2021-05-16,,8.8,54.0,
2021-05-17,,6.53333,56.0,
2021-05-18,,5.75833,55.0,
2021-05-19,,7.11667,56.0,170.0
2021-05-20,,6.79167,56.0,
2021-05-21,,6.05833,59.0,
2021-05-22,,7.68333,55.0,
2021-05-23,,7.55,57.0,
2021-05-24,,7.2,56.0,
2021-05-25,,7.01667,52.0,
2021-05-26,,6.39167,59.0,
2021-05-27,,7.03333,54.0,
2021-05-28,,7.63333,52.0,
2021-05-29,,6.73333,55.0,
2021-05-30,,7.10833,52.0,
2021-05-31,,6.35,58.0,170.0
2021-06-01,,7.75833,57.0,
2021-06-02,,7.2,59.0,170.0
2021-06-03,,6.325,57.0,
2021-06-04,,6.975,55.0,
2021-06-05,,,,
2021-06-06,,8.16667,62.0,
2021-06-07,,6.9,53.0,
2021-06-08,,6.90833,55.0,
2021-06-09,,7.05833,55.0,
2021-06-10,,6.95833,56.0,
2021-06-11,,6.71667,56.0,
2021-06-12,,5.63333,54.0,
2021-06-13,,7.81667,57.0,
2021-06-14,,5.76667,56.0,
2021-06-15,,6.65,53.0,167.0
2021-06-16,,6.8,53.0,
2021-06-17,,7.04167,52.0,167.0
2021-06-18,,7.70833,50.0,
2021-06-19,,6.18333,51.0,
2021-06-20,,7.4,51.0,
2021-06-21,,6.675,54.0,
2021-06-22,,7.18333,54.0,
2021-06-23,,7.125,55.0,
2021-06-24,,7.28333,54.0,
2021-06-25,,6.61667,52.0,
2021-06-26,,6.84167,55.0,
2021-06-27,,7.05,55.0,
2021-06-28,,8.05,53.0,
2021-06-29,,5.95,58.0,
2021-06-30,,7.13333,58.0,
2021-07-01,,6.70833,59.0,
2021-07-02,,6.93333,62.0,
2021-07-03,,6.68333,55.0,
2021-07-04,,,,
2021-07-05,,,,
2021-07-06,,6.725,57.0,
2021-07-07,,5.98333,58.0,
2021-07-08,,6.94167,56.0,
2021-07-09,,7.14167,56.0,
2021-07-10,,6.81667,55.0,
2021-07-11,,7.20833,52.0,
2021-07-12,,,,166.6
2021-07-13,,6.05833,60.0,
2021-07-14,,6.05833,54.0,
2021-07-15,,,,
2021-07-16,,7.08333,54.0,
2021-07-17,,7.66667,57.0,
2021-07-18,,6.45833,55.0,
2021-07-19,,6.54167,55.0,
2021-07-20,,5.84167,54.0,
2021-07-21,,6.625,56.0,
2021-07-22,,5.925,55.0,167.0
2021-07-23,,,,
2021-07-24,,6.65833,58.0,
2021-07-25,,7.38333,58.0,
2021-07-26,,7.35833,59.0,
2021-07-27,,8.20833,55.0,
2021-07-28,,6.98333,54.0,
2021-07-29,,,,
2021-07-30,,7.55,62.0,
2021-07-31,,7.39167,65.0,
2021-08-01,,7.93333,59.0,
2021-08-02,,6.54167,56.0,
2021-08-03,,6.4,55.0,
2021-08-04,,6.15833,55.0,
2021-08-05,,5.35,54.0,
2021-08-06,,7.2,58.0,
2021-08-07,,6.61667,57.0,
2021-08-08,,6.9,58.0,
2021-08-09,,7.425,55.0,167.0
2021-08-10,,6.15833,58.0,
2021-08-11,,7.48333,60.0,
2021-08-12,,6.56667,54.0,
2021-08-13,,6.5,56.0,
2021-08-14,,7.38333,54.0,
2021-08-15,,7.30833,53.0,
2021-08-16,,6.24167,59.0,
2021-08-17,,6.775,59.0,
2021-08-18,,5.41667,61.0,
2021-08-19,,5.69167,61.0,
2021-08-20,,6.7,60.0,
2021-08-21,,7.46667,57.0,
2021-08-22,,7.13333,53.0,
2021-08-23,,6.96667,54.0,
2021-08-24,,5.925,56.0,
2021-08-25,,7.56667,56.0,
2021-08-26,,5.74167,56.0,
2021-08-27,,8.18333,54.0,
2021-08-28,,7.60833,58.0,
2021-08-29,,7.95833,59.0,
2021-08-30,,6.90833,57.0,
2021-08-31,,3.21667,59.0,
2021-09-01,,,,
2021-09-02,,7.21667,56.0,
2021-09-03,,7.04167,56.0,
2021-09-04,,8.225,61.0,
2021-09-05,,8.80833,55.0,
2021-09-06,,7.13333,57.0,
2021-09-07,,6.84167,54.0,
2021-09-08,,6.35,54.0,
2021-09-09,,6.85833,53.0,
2021-09-10,,6.84167,54.0,
2021-09-11,,7.73333,55.0,
2021-09-12,,7.1,55.0,
2021-09-13,,7.075,57.0,
2021-09-14,,6.175,55.0,
2021-09-15,,6.925,59.0,
2021-09-16,,6.38333,56.0,
2021-09-17,,7.99167,56.0,
2021-09-18,,7.35,57.0,
2021-09-19,,7.525,56.0,
2021-09-20,,7.56667,59.0,
2021-09-21,,6.20833,61.0,
2021-09-22,,7.16667,55.0,166.4
2021-09-23,,,,
2021-09-24,,6.65833,55.0,
2021-09-25,,,,
2021-09-26,,,,
2021-09-27,,7.71667,58.0,
2021-09-28,,6.36667,59.0,
2021-09-29,,6.0,55.0,
2021-09-30,,5.925,53.0,
2021-10-01,,6.875,59.0,
2021-10-02,,5.9,55.0,
2021-10-03,,8.1,61.0,
2021-10-04,,6.88333,54.0,
2021-10-05,,6.35,58.0,
2021-10-06,,6.05833,54.0,
2021-10-07,,6.63333,52.0,
2021-10-08,,6.9,53.0,
2021-10-09,,7.525,53.0,
2021-10-10,,7.39167,53.0,
2021-10-11,,7.41667,57.0,
2021-10-12,,6.625,54.0,
2021-10-13,,6.60833,55.0,
2021-10-14,,6.53333,55.0,
2021-10-15,,6.10833,55.0,
2021-10-16,,9.675,54.0,
2021-10-17,,7.90833,51.0,
2021-10-18,,7.825,55.0,
2021-10-19,,7.19167,55.0,
2021-10-20,,6.8,55.0,
2021-10-21,,5.475,53.0,
2021-10-22,,7.14167,54.0,
2021-10-23,,8.40833,56.0,
2021-10-24,,7.78333,56.0,
2021-10-25,,6.75833,54.0,
2021-10-26,,6.13333,55.0,
2021-10-27,,6.525,55.0,
2021-10-28,,7.04167,54.0,
2021-10-29,,6.70833,57.0,
2021-10-30,,7.3,55.0,
2021-10-31,,8.59167,54.0,
2021-11-01,,6.825,58.0,
2021-11-02,,7.06667,51.0,
2021-11-03,,7.2,56.0,
2021-11-04,,4.925,55.0,
2021-11-05,,6.96667,55.0,
2021-11-06,,8.61667,54.0,
2021-11-07,,7.73333,54.0,
2021-11-08,,7.44167,55.0,
2021-11-09,,6.7,56.0,
2021-11-10,,6.96667,57.0,
2021-11-11,,7.8,59.0,
2021-11-12,,6.2,58.0,
2021-11-13,,7.04167,56.0,
2021-11-14,,7.775,60.0,
2021-11-15,,6.74167,56.0,
2021-11-16,,5.64167,54.0,
2021-11-17,,7.0,56.0,
2021-11-18,,7.375,62.0,
2021-11-19,,6.825,58.0,
2021-11-20,,7.55,55.0,
2021-11-21,,8.125,55.0,
2021-11-22,,6.69167,59.0,
2021-11-23,,7.14167,60.0,
2021-11-24,,6.59167,59.0,
2021-11-25,,7.31667,57.0,
2021-11-26,,7.79167,61.0,
2021-11-27,,8.825,60.0,
2021-11-28,,7.65,58.0,
2021-11-29,,6.66667,56.0,
2021-11-30,,6.91667,57.0,
2021-12-01,,6.24167,58.0,
2021-12-02,,6.51667,58.0,
2021-12-03,,6.81667,56.0,
2021-12-04,,5.65833,59.0,
2021-12-05,,,,
2021-12-06,,,,
2021-12-07,,7.49167,60.0,
2021-12-08,,,,
2021-12-09,,5.26667,59.0,
2021-12-10,,6.59167,53.0,
2021-12-11,,6.51667,60.0,
2021-12-12,,7.125,64.0,
2021-12-13,,,,
2021-12-14,,,,
2021-12-15,,6.375,60.0,
2021-12-16,,6.91667,57.0,
2021-12-17,,6.81667,56.0,
2021-12-18,,7.53333,55.0,
2021-12-19,,8.24167,55.0,
2021-12-20,,7.03333,63.0,
2021-12-21,,6.45,59.0,
2021-12-22,,6.8,58.0,
2021-12-23,,,,
2021-12-24,,,,
2021-12-25,,6.35,55.0,
2021-12-26,,8.41667,56.0,
2021-12-27,,,,
2021-12-28,,7.36667,58.0,
2021-12-29,,8.30833,58.0,
2021-12-30,,10.1,58.0,
2021-12-31,,6.6,58.0,
2022-01-01,,,,
2022-01-02,,9.8,58.0,
2022-01-03,,7.34167,60.0,
2022-01-04,,8.525,61.0,
2022-01-05,,6.70833,53.0,
2022-01-06,,7.225,60.0,
2022-01-07,,6.80833,56.0,
2022-01-08,,8.85833,58.0,
2022-01-09,,7.675,57.0,
2022-01-10,,7.23333,56.0,
2022-01-11,,6.60833,56.0,
2022-01-12,,7.275,55.0,
2022-01-13,,7.09167,54.0,
2022-01-14,,7.00833,57.0,
2022-01-15,,7.55,57.0,
2022-01-16,,6.81667,58.0,
2022-01-17,,7.45,59.0,
2022-01-18,,6.85833,56.0,
2022-01-19,,7.16667,58.0,
2022-01-20,,6.41667,61.0,
2022-01-21,,6.25,62.0,
2022-01-22,,7.98333,55.0,
2022-01-23,,6.98333,59.0,
2022-01-24,,7.0,54.0,
2022-01-25,,7.25833,55.0,
2022-01-26,,7.50833,55.0,
2022-01-27,,7.11667,55.0,
2022-01-28,,7.28333,57.0,
2022-01-29,,8.46667,54.0,
2022-01-30,,8.6,55.0,
2022-01-31,,7.75833,56.0,
2022-02-01,,6.54167,57.0,
2022-02-02,,7.15833,59.0,
2022-02-03,,7.8,57.0,
2022-02-04,,7.01667,55.0,
2022-02-05,,7.6,58.0,
2022-02-06,,7.93333,56.0,
2022-02-07,,7.20833,57.0,
2022-02-08,,7.75833,58.0,
2022-02-09,,7.55833,55.0,
2022-02-10,,6.84167,54.0,
2022-02-11,,7.23333,56.0,
2022-02-12,,8.21667,53.0,
2022-02-13,,8.03333,52.0,
2022-02-14,,7.95,54.0,
2022-02-15,,7.91667,57.0,
2022-02-16,,6.325,53.0,
2022-02-17,,7.01667,55.0,
2022-02-18,,7.19167,56.0,
2022-02-19,,8.06667,57.0,
2022-02-20,,6.725,58.0,
2022-02-21,,8.5,55.0,
2022-02-22,,6.18333,57.0,
2022-02-23,,,,
2022-02-24,,6.75,51.0,
2022-02-25,,7.30833,57.0,
2022-02-26,,7.56667,55.0,
2022-02-27,,7.74167,57.0,
2022-02-28,,7.08333,58.0,
2022-03-01,,6.6,58.0,
2022-03-02,,6.76667,56.0,
2022-03-03,,6.2,54.0,
2022-03-04,,6.18333,55.0,
2022-03-05,,7.9,59.0,
2022-03-06,,8.20833,57.0,
2022-03-07,,6.425,57.0,
2022-03-08,,7.15833,56.0,
2022-03-09,,6.45833,55.0,
2022-03-10,,7.975,55.0,
2022-03-11,,7.29167,55.0,
2022-03-12,,6.99167,57.0,
2022-03-13,,6.725,57.0,
2022-03-14,,,,
2022-03-15,,7.63333,55.0,
2022-03-16,,6.69167,61.0,
2022-03-17,,7.29167,58.0,
2022-03-18,,6.93333,57.0,
2022-03-19,,6.74167,61.0,
2022-03-20,,,,
2022-03-21,,7.33333,60.0,
2022-03-22,,7.56667,59.0,
2022-03-23,,7.875,58.0,
2022-03-24,,7.14167,58.0,
2022-03-25,,7.31667,58.0,
2022-03-26,,6.68333,58.0,
2022-03-27,,6.96667,60.0,
2022-03-28,,5.60833,55.0,
2022-03-29,,6.45,53.0,
2022-03-30,,7.13333,56.0,
2022-03-31,,7.35833,55.0,
2022-04-01,,6.05833,58.0,
2022-04-02,,8.43333,55.0,
2022-04-03,,7.49167,56.0,
2022-04-04,,7.775,55.0,
2022-04-05,,6.60833,62.0,
2022-04-06,,7.20833,56.0,
2022-04-07,,7.29167,58.0,
2022-04-08,,7.26667,56.0,
2022-04-09,,7.28333,54.0,
2022-04-10,,8.03333,53.0,
2022-04-11,,7.76667,55.0,
2022-04-12,,6.96667,56.0,
2022-04-13,,6.9,55.0,
2022-04-14,,7.71667,57.0,
2022-04-15,,5.9,56.0,
2022-04-16,,9.60833,56.0,
2022-04-17,,6.48333,57.0,
2022-04-18,,7.95,55.0,
2022-04-19,,6.95833,57.0,
2022-04-20,,6.80833,59.0,
2022-04-21,,7.13333,63.0,
2022-04-22,,6.21667,58.0,
2022-04-23,,5.09167,57.0,
2022-04-24,,9.53333,56.0,
2022-04-25,,7.21667,57.0,
2022-04-26,,7.13333,61.0,
2022-04-27,,6.63333,64.0,
2022-04-28,,6.01667,60.0,
2022-04-29,,5.95,56.0,
2022-04-30,,6.55833,63.0,
2022-05-01,,6.59167,64.0,
2022-05-02,,7.85833,58.0,
2022-05-03,,6.43333,58.0,
2022-05-04,,6.90833,55.0,
2022-05-05,,6.90833,58.0,
2022-05-06,,6.99167,55.0,
2022-05-07,,7.85833,58.0,
2022-05-08,,7.36667,55.0,
2022-05-09,,7.1,53.0,
2022-05-10,,7.75,53.0,
2022-05-11,,7.35,61.0,
2022-05-12,,5.825,60.0,
2022-05-13,,7.23333,56.0,
2022-05-14,,8.03333,55.0,
2022-05-15,,7.95833,62.0,
2022-05-16,,7.125,53.0,
2022-05-17,,6.33333,57.0,
2022-05-18,,6.825,55.0,
2022-05-19,,6.43333,59.0,
2022-05-20,,6.825,52.0,
2022-05-21,,6.6,54.0,
2022-05-22,,7.19167,54.0,
2022-05-23,,6.50833,55.0,
2022-05-24,,6.98333,54.0,
2022-05-25,,6.05833,61.0,
2022-05-26,,5.28333,59.0,
2022-05-27,,7.10833,60.0,
2022-05-28,,7.675,59.0,
2022-05-29,,8.30833,55.0,
2022-05-30,,7.20833,59.0,
2022-05-31,,5.93333,64.0,
2022-06-01,,6.56667,58.0,
2022-06-02,,7.55833,60.0,
2022-06-03,,7.05833,59.0,
2022-06-04,,7.375,57.0,
2022-06-05,,7.09167,55.0,
2022-06-06,,6.25833,59.0,
2022-06-07,,6.78333,57.0,
2022-06-08,,6.51667,55.0,
2022-06-09,,6.74167,57.0,
2022-06-10,,6.86667,57.0,
2022-06-11,,8.09167,54.0,
2022-06-12,13.5,7.30833,57.0,162.0
2022-06-13,,7.35,60.0,
2022-06-14,,6.76667,56.0,
