Date,Energy (kcal),Alcohol (g),Caffeine (mg),Water (g),B1 (Thiamine) (mg),B2 (Riboflavin) (mg),B3 (Niacin) (mg),B5 (Pantothenic Acid) (mg),B6 (Pyridoxine) (mg),B12 (Cobalamin) (µg),Folate (µg),Vitamin A (IU),Vitamin C (mg),Vitamin D (IU),Vitamin E (mg),Vitamin K (µg),Calcium (mg),Copper (mg),Iron (mg),Magnesium (mg),Manganese (mg),Phosphorus (mg),Potassium (mg),Selenium (µg),Sodium (mg),Zinc (mg),Carbs (g),Fiber (g),Starch (g),Sugars (g),Net Carbs (g),Fat (g),Cholesterol (mg),Monounsaturated (g),Polyunsaturated (g),Saturated (g),Trans-Fats (g),Omega-3 (g),Omega-6 (g),Cystine (g),Histidine (g),Isoleucine (g),Leucine (g),Lysine (g),Methionine (g),Phenylalanine (g),Protein (g),Threonine (g),Tryptophan (g),Tyrosine (g),Valine (g),Completed
7/31/2020,2055.09,0,852.48,3805.3,2.81,5.26,42.47,16.43,4.33,13.75,824.58,33784.16,286.22,1158.93,19.16,783.58,1428.79,1.76,23.13,551.18,6.03,1545.97,6281.55,148.95,1998.07,7.71,287.07,49.63,96.5,95.64,237.43,47.03,198.09,6.33,12.99,12.8,0.11,1.72,7.25,1.36,2.83,4.61,7.6,6.87,2.1,4.39,149.08,4.13,1.26,3.1,4.98,FALSE
8/1/2020,1970.3,0,710.4,3204.73,1.79,4.53,30.05,13.89,2.63,12.25,614.9,27272.46,177.08,668.12,13.75,492.83,2095.4,1.19,16.82,396.32,3.31,1168.19,4879.41,57.16,2097.55,5.39,206.24,37.82,20.47,104.64,168.42,84.43,138.22,6.91,14.64,34.84,0,1.5,9.17,0.77,1.54,2.59,4.71,4.02,1.08,2.57,118.91,2.41,0.76,1.92,2.91,FALSE
8/2/2020,1565.68,33.06,497.28,2367.18,1.4,3.21,31.85,10.83,3.26,7.52,385.08,22630.31,145.41,406.33,12.19,205.34,946.5,1.09,15.22,319.09,2.69,988.48,4665.47,41.38,1273.37,7.56,176.07,29.95,42.43,55.99,146.11,29.93,167.08,4.65,7.17,9.9,0.21,0.75,3.74,0.72,1.88,2.6,4.45,4.54,1.26,2.47,100.23,2.47,0.69,1.95,2.85,FALSE
8/3/2020,1874.91,0,852.48,4188.73,2.44,5.23,40.76,18.35,4.1,12.1,812.08,6665.92,304.63,987.73,25.62,310.52,1414.08,1.71,17.7,412.09,2.97,1397.47,5375.23,92.15,1553.87,6.84,203.27,49.92,32.25,92.83,153.34,84.84,131.79,23.57,18.59,26.31,0.28,4.31,10.23,0.88,1.95,3.13,5.42,4.9,1.51,3.11,100.12,2.86,0.93,2.37,3.57,FALSE
8/4/2020,1826.25,0,1278.72,4513.09,2.9,6.72,48.63,21.92,4.6,16.51,741.13,5754.43,356.55,1290.77,28.59,360.21,1643.57,1.6,21.38,550.69,6.1,1622.78,5668.24,85.72,1029.42,7.01,240.28,50.12,79.68,77.31,190.16,62.09,80.51,13.91,23.21,14.87,0.04,4.58,13.27,0.91,1.93,3.04,5.31,4.85,1.38,3.03,108.9,2.78,0.82,2.29,3.4,FALSE
8/5/2020,1861.02,0,568.32,2647.41,1.85,4.13,31.08,10.83,2.66,10.09,681.73,6507.43,183.61,728.35,14.32,330.22,1680.01,1.84,19.93,553.22,6.26,1757.39,4757.01,61.93,1341.89,10.42,255.91,50.15,86.35,106.39,205.76,57.89,92.29,10.15,17.17,18.58,0.1,1.5,12.73,1.11,2.17,3.5,5.55,5.09,1.44,3.44,110.87,2.95,0.91,2.37,3.55,FALSE
8/6/2020,2104.32,0,994.56,3924.11,2.33,5.34,37.42,18.08,3.74,11.72,730.25,32332.35,228.28,796.28,21.04,352.19,2011.59,1.31,21.74,427.38,3.41,1157.42,6717.68,36.62,2993.4,5.68,273.86,50.39,40.37,68.07,223.48,76.01,141.6,16.65,15.15,21.76,2.76,1.27,7.94,0.81,1.44,2.28,3.7,3.37,0.85,2.27,110.45,2.19,0.63,1.66,2.46,FALSE
8/7/2020,,,,,,,,,,,,,,,,,,,,,,,,,,,,,,,,,,,,,,,,,,,,,,,,,,,,FALSE
8/8/2020,1619.31,0,852.48,3325.84,1.86,4.18,24.92,12.3,2.05,9.1,601.92,20976.97,103.45,581.52,13.43,167.06,1946.47,1.17,19.75,338.67,3.3,970.48,4529.5,28.39,1944.27,4.83,224.7,53.23,26.26,104.01,171.47,52.36,34.18,5.51,11.54,17.86,0.06,1.07,6.89,0.69,1.23,2.16,3.59,2.99,0.74,2.27,91.59,1.92,0.57,1.43,2.37,FALSE
8/9/2020,1613.48,0,568.32,3036.56,1.91,4.92,21.91,10.18,2.55,15.29,590.79,9531.86,327.57,761.36,13.73,351.13,1893.14,1.55,18.65,426.27,5.41,1234.47,4288.85,66.98,1807.33,7.54,200.09,50.27,41.83,85.52,149.82,67.77,66.59,14.08,16.34,25.85,0.74,1.83,11.54,0.92,1.87,3.04,5.31,4.07,1.09,3.28,88.63,2.65,0.95,2.51,3.38,FALSE
8/10/2020,1657.83,0,852.48,3746.8,2.57,5.29,42.62,17.81,4.53,27.67,736.46,7510.03,211.93,989.12,24.75,419.26,1137.28,3.66,23.76,547.28,5.14,1614.38,5945.02,157.76,1759.81,23.39,221.99,47.12,85.65,64.59,174.87,50.26,166.17,16.94,18.66,9.55,3.41,5.08,8.41,1.03,2.14,3.41,5.8,5.7,1.71,3.34,105.47,3.16,0.93,2.49,3.82,FALSE
8/11/2020,1891.34,0,857.41,3658.43,2.57,4.94,42.2,16.05,3.94,10.88,606.18,28025.59,132.28,686.95,16.89,286.57,1524.02,1.72,21.31,515.97,6.8,1373.62,5455.39,49.76,1825.8,7.49,274.51,47.12,128.2,71.48,227.38,54.24,58.86,15.19,14.86,17.32,3.3,1.18,8.36,0.92,1.69,2.86,4.6,3.89,1.13,2.8,103.1,2.53,0.76,2.09,3.08,FALSE
8/12/2020,1145.81,0,852.48,3489.12,1.99,5.16,29.02,15.41,3.35,13.21,641.8,9230.42,242.36,914,15.7,486.89,1351.96,1.14,16.66,403.45,4.49,1203.82,4475.69,77.03,732.7,5.82,137.07,39.47,32.5,46.25,97.6,40.22,368.5,9.52,13.64,10.05,0,2.73,7.62,0.91,1.59,2.74,4.63,4.05,1.22,2.81,84,2.49,0.73,2.04,3.07,FALSE
8/13/2020,1778.34,0,852.48,3332.07,2.21,4.85,41.96,15.99,3.95,11.81,669.08,17063.14,288.34,968.13,22.01,517.44,1551.18,1.46,22.19,442.99,4.92,1281.24,5372.65,81.09,1228.43,6.19,232.13,38.71,49.57,108.09,193.42,57.42,119.61,11.18,16.28,18.53,0.04,4.14,8.38,0.84,1.89,3,5.07,4.91,1.46,2.8,110.25,2.7,0.76,2.17,3.26,FALSE
8/14/2020,2024.6,0,852.48,3215.19,1.92,4.3,28.78,13.05,2.42,8.5,563.29,4420.87,112.74,601.51,15.44,231.89,1176.25,0.85,17.86,299.67,2.89,797.06,4025.35,49,3238.35,3.48,287.88,57.21,33.77,70.38,230.68,70.53,39.05,4.14,9.69,18.46,2.03,0.88,5,0.58,1.05,1.66,2.77,2.15,0.57,1.73,93.64,1.44,0.46,1.12,1.76,FALSE
8/15/2020,1835.53,0,710.4,2675.87,1.82,3.74,31.09,12.56,2.53,6.98,432.08,2936.27,80.16,495.5,18.19,112.11,1389.01,0.86,16.48,352.35,3.18,1342.93,3476.64,58.79,1342.07,7.78,198.22,28.45,77.58,62.46,169.77,82.7,202.16,26.44,18.83,27.72,0.58,0.93,8.53,0.45,1.31,1.81,3.48,3.06,0.84,2.04,97.17,1.51,0.52,1.8,2.25,FALSE
8/16/2020,2003.65,0,710.4,3052.37,2.13,3.91,37.21,13.32,3.49,8.58,589.88,6190.23,189.77,721.08,19.33,481.15,1112.35,1.23,18.76,413.24,3.88,1235.3,4746.24,91.32,1059.07,5.96,269.8,39.53,77.62,112.03,230.27,72.56,140.97,15.34,17.76,26.65,0.06,1.59,8.93,0.7,1.48,2.33,4.12,3.6,1.08,2.31,96.71,2.13,0.61,1.71,2.69,FALSE
8/17/2020,2031.92,0,852.48,3807.72,2.28,4.87,36.89,17.11,3.64,8.75,824.48,16223.99,326.03,586.93,23,863.97,1803.14,1.59,23.76,498.61,4.77,1165.34,5957.9,49.13,1772.11,6.89,292.02,58.93,60.26,88.88,233.09,69.56,73.1,20.13,15.58,21.3,0.07,1.56,10.23,0.82,1.56,2.5,4.2,3.53,1.04,2.52,96.89,2.2,0.68,1.79,2.77,FALSE
8/18/2020,2091.39,0,852.48,3541.35,2.44,4.72,42.62,15.82,3.43,9.68,616.2,5422.63,201.82,618.29,18.09,376.29,1387.5,1.63,18.52,502.18,6.95,1605.9,4853.02,69.47,1516.75,9.31,282.87,57.88,91.88,98.52,224.99,75.22,104.66,18.49,15.88,26.01,0.29,1.46,10.54,1.03,2.21,3.66,6,5.32,1.57,3.55,107.75,3.08,0.96,2.76,3.95,FALSE
8/19/2020,1778.32,0,852.48,3576.03,2.91,4.78,29.29,15.03,3.08,11.51,550.45,32233.1,158.4,696.12,17.62,197.13,1384.85,1.41,17.44,442.81,5.64,1113.64,4475.71,60.8,1434.68,6.05,272.52,46,100.05,95.18,226.52,57.04,1.75,8.65,15.58,20.07,0.03,1.15,10.44,0.72,1.15,1.89,3.29,2.35,0.63,2.18,73.42,1.71,0.56,1.44,2.17,FALSE
8/20/2020,1488.1,0,864.08,3477.71,2.09,4.27,30.84,14.43,2.81,7.81,627.64,38186.66,408.33,556.97,19.02,272.46,1116.69,1.68,18.17,447.37,6.79,1111.68,4403.62,49.86,1070.47,6.13,219.85,47.8,49.01,92.05,172.06,48.86,26.26,10.38,13.46,16.58,0.07,1.23,8.46,0.72,1.1,1.91,3.13,2.49,0.71,2.04,71.06,1.7,0.57,1.4,2.11,FALSE
8/21/2020,1257.1,0,852.48,3429.66,1.83,4.77,43.94,14.34,3.84,11.93,643.21,15675.84,318.51,603.75,17.68,734.84,1256.71,1.15,19.7,422.68,3.83,1232.09,4789.13,69.85,1169.69,11.56,123.86,40.2,7.57,52.33,83.67,43.03,193.06,14.1,11.5,11.48,0.82,1.18,6.52,1.2,2.93,4.47,7.15,7.23,2.11,3.93,120.37,3.83,0.98,3.1,4.58,FALSE
8/22/2020,1267.89,0,426.24,2706.56,1.41,3.4,26.09,9.1,2.29,10.43,545.75,11889.77,374.35,523.41,13.16,648.74,1348.89,1.39,13.5,366.36,4.11,1076.67,3881.7,66.62,664.08,5.93,165.44,38.63,12.45,91.88,126.8,41.12,185.22,6.23,11.76,13.82,0.07,1.35,8.01,0.88,1.69,3.04,4.94,4.86,1.36,2.84,83.66,2.6,0.79,2.23,3.06,FALSE
8/23/2020,1137.77,0,852.48,2993.59,1.54,3.94,26.82,12.58,2.24,7.75,403.71,3622.38,167.13,549.5,14.97,189.13,1067.06,0.77,13.98,292.75,2.55,754.58,3648.15,22.49,938.73,3.19,158.13,34.08,24.65,54.22,124.05,38.62,29.1,6.26,11.22,6.92,0.04,0.86,6.94,0.43,0.87,1.33,2.16,1.88,0.48,1.33,66.28,1.13,0.35,0.95,1.38,FALSE
8/24/2020,1529.55,0,852.48,3240.09,1.98,4.57,36.23,14.71,2.85,11.34,643.53,13181.08,233.12,631.49,20.19,456.38,1142.47,1.19,21.58,377.66,3.22,1135.55,4637.51,52.61,1546.66,11.15,152.93,37.37,9.92,77.73,115.56,70.8,120.77,17.5,14.51,24.43,0.75,0.95,9.35,0.84,1.97,3,5.06,4.87,1.38,2.83,98.21,2.67,0.64,2.19,3.21,FALSE
8/25/2020,1469.25,0,852.48,4038.53,2.23,4.79,37.66,16.71,3.65,10.67,800.03,30613.63,260.13,596.66,21.46,543.87,1365.27,1.99,20.18,495.56,4.57,1394.43,6059.92,74.04,2641.66,9.09,196.33,52.88,41.79,80.41,143.45,48.13,196.41,15.75,17.77,9.08,2.25,1.75,11.25,1.02,1.82,3.08,4.89,4.52,1.32,2.97,95.77,2.83,0.81,2.19,3.22,FALSE
8/26/2020,1618.35,0,568.32,2794.26,1.76,3.95,21.78,11.04,2.54,8.7,495.73,15105.5,258.5,524.1,14.97,812.78,1322.45,1.81,18.45,511.13,6.84,1032.33,5683.02,38.26,2988.17,6.52,257.39,54.86,34.62,74.54,202.54,50.7,0,6.24,11.83,10.74,0,1.29,7.82,0.69,1.09,1.72,3.04,2.22,0.59,1.99,70.24,1.59,0.56,1.36,1.96,FALSE
8/27/2020,2048.08,0,852.48,3492.56,2.61,5.1,38.05,17.3,4.4,11.48,813,14136.07,271.94,874.06,21.99,447.62,1527.49,1.86,18.37,518.09,5.14,1447.71,5646.21,80.83,2351.1,7.48,273.23,54.33,89.07,104.37,218.9,70.05,114.14,20.07,20.68,18.12,3.31,4.03,11.83,0.86,1.77,2.81,4.9,4.42,1.3,2.9,104.84,2.55,0.8,2.15,3.32,FALSE
8/28/2020,1740.66,0,852.48,3280.16,1.71,4.43,40.12,13.79,3.15,9.51,421.73,3589.16,148.49,598.19,14.74,117.5,1706.96,0.95,15.6,355.99,3.45,1435.66,3792.59,67.87,1862.65,7.22,187.63,36.29,24.6,76.24,151.35,67.62,234.35,15.47,13.37,25.66,0.77,1.15,8.33,1.04,2.83,4.32,7.11,7.27,2.11,3.97,120.31,3.54,1.09,3.49,4.61,FALSE
8/29/2020,1896.34,0.43,568.32,2390.7,2.22,4.62,44.11,13.21,4.11,16.31,573.64,8896.91,79.47,1126.23,24.84,308.4,1176.37,1.81,19.66,478.19,6.46,1793.19,4308.12,159.4,996.02,13.34,170.81,30.31,46.17,78.7,140.5,84.29,219.53,20.57,25.24,26.06,0.8,5.94,16.55,1.5,3.47,5.17,9.21,9.34,2.79,4.82,132.27,4.91,1.35,3.96,5.74,FALSE
8/30/2020,669.13,0,568.32,2185.73,1.31,3.15,17.24,8.8,1.42,7.8,366.9,3544.17,130.84,488.09,10.89,138.92,903.01,0.89,10.95,280.76,3.77,752.17,2477.37,28.22,569.31,4.01,94.94,32.06,20.7,29.31,62.88,19.89,0,5.08,9.79,2.93,0,0.89,6.38,0.52,0.75,1.32,2.28,1.68,0.44,1.48,48.7,1.18,0.4,1.02,1.46,FALSE
8/31/2020,1885.47,0.06,860.92,3464.02,2.3,4.81,41.77,16.03,3.27,10.53,733.05,11243.47,315.01,649.5,18.65,350.37,1259.43,1.64,20.86,445.74,4.08,1392.03,4711.25,107.12,1943.8,7.69,216.5,44.39,58.31,90.25,172.11,72.76,373.5,19.7,16.55,24.37,3.71,1.38,10.53,1.18,2.2,3.9,6.42,6.15,1.88,3.67,117.49,3.29,0.99,2.87,4.03,FALSE
9/1/2020,1595.62,0.08,863.73,3429.08,1.92,4.7,27.64,15.38,2.72,8.96,757.43,8655.56,162.49,715.25,26.69,366.58,1699.84,1.24,18.38,403.62,3.74,993.24,4489.9,30.1,1544.99,5.67,186.96,47.48,35.71,79.74,139.48,81.27,70.95,26.64,15.53,22.99,0.71,1.2,10.4,0.48,0.89,1.5,2.59,1.97,0.5,1.63,66,1.3,0.42,1.13,1.72,FALSE
9/2/2020,2075.81,0,852.48,3718.77,2.3,5.23,41.98,17.73,3.88,10.42,876.14,9218.83,374.93,678.63,26.07,449.28,1453.09,1.38,23.56,491.32,4.63,1467.3,6232.48,73.46,2536.45,7.77,241.87,66.62,28.83,91.85,175.26,91.26,303.6,28.8,19.46,26.73,0.32,2.17,13.15,1.1,1.98,3.3,5.25,4.72,1.44,3.22,117.19,2.84,0.97,2.3,3.51,FALSE
9/3/2020,1917.25,0,994.56,3873.03,2.23,5.3,35.8,16.48,3.37,11.57,747.86,5775.63,253.74,757.21,18.66,221.82,1837.1,1.2,22.56,423.83,3.45,1460.72,4914.61,48.75,2892.69,7.21,234.94,53.89,22.57,78.51,181.05,70.96,118.68,12.39,13.31,28.87,0.52,1.57,6.68,0.88,2.23,3.46,5.95,5.53,1.46,3.54,115,2.88,0.93,2.76,3.91,FALSE
9/4/2020,,,,,,,,,,,,,,,,,,,,,,,,,,,,,,,,,,,,,,,,,,,,,,,,,,,,FALSE
9/5/2020,2085.84,0.3,568.32,2931.73,2.81,4.72,38,12.89,3.08,10.72,1041.2,8240.14,239.55,618.55,31.39,497.07,1674.71,1.66,24.49,497,7.26,1485.28,4689.78,121.43,1925,9.59,290.8,51.96,93.48,103.9,238.84,68.59,164.77,19.16,19.03,20.58,3.35,1.89,13.71,1.42,2.29,3.82,6.39,5.14,1.73,3.97,112.07,3.26,1.07,2.76,4.24,FALSE
9/6/2020,1695.59,0,497.28,3862.07,1.71,2.86,27.34,9.5,2.11,5.89,489.04,2903.72,171.93,406.9,11.59,374.85,1147.79,1.07,21.6,355.26,3.47,1016.82,3454.29,41.71,1426.71,5.46,244.42,47.38,85.77,46.43,197.04,54.66,58.19,8.78,12.94,12.72,0.09,1.15,8.96,0.56,1.23,2.14,3.33,2.99,0.85,2,90.59,1.77,0.55,1.4,2.29,FALSE
9/7/2020,1773.18,0,497.28,2127.96,1.94,3.26,32.91,10.52,2.15,7.12,454.57,2810.59,155.98,465.72,13.32,134.3,1213.16,0.78,16.37,279.75,2.79,1172.75,3204.47,81.55,2408.95,6.45,182.65,27.09,47.09,82.04,155.56,79.19,185.07,21.98,17.08,28.37,2.07,1.35,12.19,0.88,2.05,3.15,5.17,4.73,1.5,2.94,98.07,2.74,0.85,2.4,3.31,FALSE
9/8/2020,1781.91,0.04,502.9,2694.11,2.3,4.61,46.75,12.55,3.47,12.77,827.64,16428.82,255.25,742.78,17.7,455.75,1493.26,1.49,24.33,430.49,4.71,1409.5,4429.85,117.13,2310.42,8,237.4,57.9,57.37,58.77,179.49,50.31,167.54,9.84,14.85,13.75,0.35,1.49,9.53,1.52,2.89,5.01,7.84,7.13,2.12,4.63,137.69,4.21,1.29,3.39,5.02,FALSE
9/9/2020,1767.97,0.06,889.34,4582.85,1.78,4.91,24.66,9.7,2.7,13.12,460.68,2090.86,101.82,787.95,7.14,88.43,1201.54,1.82,12.85,455.71,8.11,1197.34,4465.88,94.28,2448.32,7.1,275.58,47.07,83.89,64.04,228.52,41.78,114.95,10.58,13.2,11.91,0.3,4.54,8.2,0.97,2.1,3.44,6.06,5.34,1.53,3.53,92.32,3.07,0.93,2.47,3.96,FALSE
9/10/2020,,,,,,,,,,,,,,,,,,,,,,,,,,,,,,,,,,,,,,,,,,,,,,,,,,,,FALSE
9/11/2020,1879.98,0,852.48,4021.67,2.89,6.04,41.99,17.45,4.72,16.14,822.11,24401.19,258.01,1177.1,25.08,513.39,1642.83,2.25,22.68,546.01,5.83,1611.98,6611.5,111.2,1914.62,8.05,249.06,64.15,55.79,97.19,184.91,66.85,162.39,24.73,24.57,10.71,2.73,6.1,13.77,1.27,2.46,3.89,6.67,5.92,1.67,3.91,115.21,3.65,1.05,2.8,4.31,FALSE
9/12/2020,2119.38,0,568.32,3456.99,1.98,5.06,31.47,13.53,3.22,16.11,610.01,6443.09,177.95,1005.57,28.14,345.56,3046.58,1.76,22.41,446.43,3.24,1425.88,5071.01,51.37,2940.89,6.86,215.25,50.22,56.87,43.79,165.04,96.81,125.94,21.65,19.59,28.09,4.15,1.63,12.92,1.28,2.26,4.17,6.96,6.29,1.6,3.92,133.12,3.72,1.28,2.95,4.41,FALSE
9/13/2020,538.5,0,568.32,2092.12,1.22,3.01,18.36,9.53,1.74,6.6,334.51,1416.37,119.49,484.07,11.87,105.62,747.78,0.55,10.08,203.22,2.1,507.33,2352.12,11.21,396.41,1.85,83.19,23.51,6.43,36.36,59.68,13.99,0,2.81,7.16,2.17,0,0.61,3.48,0.25,0.47,0.7,1.24,0.93,0.19,0.79,38.01,0.62,0.2,0.53,0.77,FALSE
9/14/2020,1542.65,0,738.82,4004.73,22.99,4.54,21.34,10.7,2.61,9.75,704.75,3089.83,154.2,520.08,14.33,295.03,1148.89,1.34,26.95,338.42,5.92,956.55,4132.51,19.71,1850.33,8.26,256.18,53.82,32.25,80.95,202.36,34.04,0,4.47,11.43,9.36,0.02,1.15,6.85,0.58,1.26,2.16,3.63,2.81,0.59,2.4,81.98,1.75,0.59,1.44,2.4,FALSE
9/15/2020,,,,,,,,,,,,,,,,,,,,,,,,,,,,,,,,,,,,,,,,,,,,,,,,,,,,FALSE
9/16/2020,2532.12,0,225,1398.21,22.61,2.54,14.73,6.18,2.32,4.97,463.4,11428.8,59.21,169.41,14.34,510.63,1870.41,2.04,21.13,365.93,5.52,1278.69,3237.05,71.58,2924.99,13.62,208.37,33.59,59.95,79.23,174.78,147.93,279.25,49.04,35.45,38.76,1.4,2.52,30.99,0.7,1.51,2.78,4.72,3.44,1.16,2.86,114.31,2.32,0.81,2.24,3.25,FALSE
9/17/2020,1545.1,0,286.31,2325.93,1.6,3.72,18.09,9,2.29,11.97,640.27,13334.4,459.75,663.36,16.52,452.8,1668.65,1.3,18.14,352.85,4.41,922.13,3799.41,38.22,1175.42,5.04,210.38,46.37,12.1,116.37,164.01,59.7,29.18,6.28,14.12,13.18,0.13,1.7,9.51,0.61,1.01,1.77,2.95,2.49,0.6,1.95,82.87,1.63,0.54,1.35,1.99,FALSE
9/18/2020,1791.81,0,852.48,3357.17,2.19,4.43,41.4,14.99,3.52,10.82,771.81,15199.59,111.69,1554.93,22.8,327.02,1302.57,1.38,17.35,398.16,2.75,1369.4,4948.56,124.15,2439.21,5.97,223.74,40.56,59.72,101.12,183.17,63.1,135.1,19.13,18.14,15.16,0.7,2.84,10.93,0.8,1.7,2.8,4.84,4.77,1.38,2.69,112.84,2.6,0.75,2.1,3.17,FALSE
9/19/2020,1826.48,0,568.32,3243.4,1.9,3.93,38.46,16.11,4.19,10.2,588.4,3829.07,269.98,625.03,17.56,426.06,1474.41,1.53,16.7,377.31,3.53,1172.98,4723.04,43.24,1680.35,6.89,207.91,41.37,51.96,85.38,166.54,78.73,108.14,15.47,14.5,27.89,3.17,1.48,8.45,0.82,1.77,2.86,4.5,4.23,1.16,2.71,99.68,2.46,0.73,1.96,3.05,FALSE
9/20/2020,1935.01,0,568.32,2734.37,2.09,4.28,30.2,13.61,3.54,11.56,546.28,4450.44,223.36,822.05,16.63,306.1,1679.2,1.51,17.81,409.18,4.27,1492.22,4624.36,71.44,1946.96,7.7,207.05,52.89,62.24,60.74,154.16,90.18,122.49,21.19,15.93,26.18,2.84,2.98,7.17,0.89,2.1,3.14,5.67,5.38,1.46,3.29,111.8,2.74,0.91,2.76,3.76,FALSE
9/21/2020,1645.64,0.01,854.59,3175.47,1.74,4.59,34.8,13.29,2.75,12.16,443.95,2316.2,130.96,688.85,15.24,120.04,1278.09,0.97,15.41,369.74,3.04,1111.16,3936.33,56.87,1284.62,7.04,187.61,46.77,47,72.2,140.83,65.03,134.47,24.02,19.96,15.65,0.57,1.3,12.06,0.9,1.91,3.07,4.9,4.66,1.33,2.81,105.03,2.63,0.78,2.18,3.12,FALSE
9/22/2020,1963.07,0,852.48,3423.2,2.42,4.97,44.24,14.67,3.48,10.12,702.35,24295.95,147.25,784.68,19.03,996.37,1652.96,1.41,20.09,486.84,3.29,1617.71,5741.46,115.55,2698.82,7.79,205.74,40.55,74.7,63.41,165.19,82.45,227.06,22.23,19.52,23.88,2.76,1.87,12.97,1.2,2.77,4.41,7.46,7.36,2.18,4.18,124.25,3.81,1.19,3.45,4.84,FALSE
9/23/2020,735.68,0,852.48,2869.86,1.5,4,22.29,12.33,1.97,8.55,395.15,1751.74,107.15,606.09,13.8,116.29,956.35,0.62,13.73,248.8,2.24,619.73,2889.91,14.14,680.74,2.23,118.88,39.75,6.41,36.68,79.13,23.27,0,3.56,8.87,4.67,0,0.72,4.47,0.32,0.59,0.89,1.57,1.18,0.24,1.01,50.74,0.79,0.25,0.68,0.97,FALSE
9/24/2020,1512.18,0.01,854.59,3626.93,1.68,4.3,20.16,9.4,2.64,10.75,573.63,11992.88,141.97,597.29,8.6,210.37,1437.31,1.18,21.57,422.19,3.92,1104.24,4695.11,104.64,1845.78,7.94,200.97,52.44,50.2,56.25,148.54,55.84,153.6,14.13,12.21,15.53,0.88,1.71,10.07,1.36,2.48,4.23,7.46,5.78,2.05,4.46,100.23,3.63,1.02,3.76,4.84,FALSE
9/25/2020,2286.44,0.01,854.59,3913.03,2.5,5.06,21.66,11.06,2.93,12.61,892.18,11204.09,200.49,411.27,13.67,448.77,2501.68,2.17,24.61,509.42,4.11,1958.01,5397.69,192.89,3639.98,13.34,275.32,58.09,126.81,33.47,217.23,86.55,324.8,27.67,13.21,29.69,4.04,1.42,9.87,1.86,3.3,6.49,11.37,7.89,2.98,6.93,148.95,5.54,2,5.81,7.43,FALSE
9/26/2020,1836.11,0.01,570.43,2854.49,1.93,4.64,34.6,11.57,3.12,15.35,568.55,5383.25,212.29,696.16,12.13,360.66,1793.67,1.86,19.48,446.97,4.58,1678.74,4334.09,153.48,2570.84,9.55,219.76,43.9,56.73,82.46,175.86,59.87,507.45,11.1,13.45,19.75,0.48,1.63,8.89,1.53,3.13,5.4,9.19,8.97,2.63,5.19,139.49,4.59,1.41,4.16,5.67,FALSE
9/27/2020,611.48,0,852.48,3039.63,1.03,3.45,7.36,7.46,1.5,6.13,152.12,1217.2,48.96,338.48,9.71,53.51,1203.26,0.63,13.85,230.85,2.21,343.51,2485.52,12.8,775.78,2.23,99.28,29.24,6.57,37.35,70.05,17.04,0,3.56,5.3,2.18,0,0.65,4.6,0.79,1.12,2.09,3.71,2.12,0.9,2.46,48.03,1.69,0.47,0.78,1.08,FALSE
9/28/2020,,,,,,,,,,,,,,,,,,,,,,,,,,,,,,,,,,,,,,,,,,,,,,,,,,,,FALSE
9/29/2020,1368.34,0.03,856.7,3242.66,2.05,4.76,38.69,13.14,3.77,11.97,441.56,5362.9,128.17,815.58,12.04,251.9,1072.08,1.35,19.42,411.42,4.75,1167.84,4177.18,101.69,1050.78,6.1,161.88,35.48,45.32,54.57,126.4,41.94,170.02,11.03,13.65,9.68,0.47,4.21,7.97,1.47,2.88,4.91,8.19,7.24,2.47,4.71,115.07,4.2,1.18,2.96,4.36,FALSE
9/30/2020,,,,,,,,,,,,,,,,,,,,,,,,,,,,,,,,,,,,,,,,,,,,,,,,,,,,FALSE
10/1/2020,1638.38,0.32,852.48,3424.17,2.08,4.06,19.11,9.35,2.52,7.84,288.78,2657.9,69.3,450.53,22.16,77.55,1732.96,1.46,20.63,476.9,6.86,1078.35,3778.87,70.17,1834.63,7.95,227.89,43.95,75.92,79.22,183.94,60.07,48.19,17.4,21.29,12.01,0.5,1.62,19.3,1.39,2.1,3.7,6.25,4.44,1.69,3.98,86.77,3.06,0.91,1.9,2.78,FALSE
10/2/2020,,,,,,,,,,,,,,,,,,,,,,,,,,,,,,,,,,,,,,,,,,,,,,,,,,,,FALSE
10/3/2020,1436.08,0,568.32,2763.32,1.88,3.7,27.83,10.93,2.81,9.14,654.79,5352.8,244.21,571.71,17.77,469.1,1095.63,1.53,17.42,483.51,5.1,1271.89,4227.02,45.59,1072.12,6.88,197.64,39.78,55.01,82.7,157.86,51.13,32.46,18.27,18.03,10.43,1.03,2.23,12.76,0.71,1.5,2.18,3.86,3.17,0.94,2.46,74.25,1.96,0.65,1.63,2.5,FALSE
10/4/2020,530.89,0,852.48,2876.69,1.5,4.05,21.73,12.01,1.58,9.3,383.11,1819.02,108.87,636.1,13.9,123.81,1029.66,0.6,12.04,230.7,2.17,627.31,2588.52,14.45,521.24,2.27,64.28,26.34,0.07,22.2,37.94,17.98,0,3.75,9.4,2.69,0,0.78,4.92,0.34,0.55,0.96,1.66,1.25,0.26,1.05,47.74,0.84,0.27,0.75,1.02,FALSE
10/5/2020,1926.61,0,568.32,2915.1,1.85,4.17,26.79,8.89,3.24,12.6,380.17,5727.78,275.03,496.63,4.33,317.4,1554.09,2.03,21.08,463.47,6.04,1327.37,4386.79,101.28,1950.27,8.62,257.7,46.43,92.97,88.02,211.27,66.59,98.14,11.76,16.93,21.9,0.75,1.97,14.06,1.69,2.94,5.19,8.31,6.84,2.25,5.18,114.04,4.32,1.36,3.12,4.58,FALSE
10/6/2020,1803.51,0,852.48,3473.67,1.82,4.32,29.54,10.68,2.7,9.27,359.03,13739.81,427.75,492.89,18.15,67.1,2547.38,1.26,24.42,434.58,4.88,1399.63,3715.33,86.17,2183.28,9.15,227.25,54.1,80.54,59.32,173.16,55.5,138.3,12.77,13.59,16.7,0.5,1.33,11.96,1.36,2.63,4.69,7.61,5.87,2.16,4.59,126.68,3.85,1.24,2.91,4.05,FALSE
10/7/2020,1433.43,0,568.32,2463.71,1.9,3.48,27.15,11.14,2.12,6.63,513.05,2593.56,161.06,538.29,13.21,138.2,1164.66,0.9,16.19,292.16,3.87,885.13,3102.6,56.59,1308.32,4.28,237.55,35.79,58.36,119.41,201.76,26.96,22,5.45,9.74,12.18,0.3,0.91,5.62,0.46,0.78,1.23,2.19,1.55,0.43,1.41,58.52,1.07,0.37,0.93,1.43,FALSE
10/8/2020,,,,,,,,,,,,,,,,,,,,,,,,,,,,,,,,,,,,,,,,,,,,,,,,,,,,FALSE
10/9/2020,,,,,,,,,,,,,,,,,,,,,,,,,,,,,,,,,,,,,,,,,,,,,,,,,,,,FALSE
10/10/2020,1435.81,0.04,289.78,1703.81,1.28,2.27,25.93,10.28,2.6,9.66,343.92,2292.2,207.22,253.16,3.33,75.74,1067.04,1.34,15,332.95,3.92,923.72,3038.5,111.61,1577.41,6.11,223.92,33.92,64.28,98.6,190,25.82,264.19,6.61,6.93,12.19,0.5,0.96,5.7,0.99,1.61,3.01,5.46,4.61,1.52,3.22,78.45,2.56,0.79,2.06,2.8,FALSE
10/11/2020,239.23,0,284.16,1160.22,0.43,1.35,2.79,2.79,0.52,3.05,87.69,1096.64,106.08,120.04,0.7,12.41,386.42,0.3,6.01,102.92,1.14,173.97,1039.4,6.6,256.66,1.05,36.54,11.85,0.06,15.05,24.68,6.85,0,1.06,2.47,0.86,0,0.36,2.08,0.33,0.45,0.9,1.57,1,0.37,1.03,20.8,0.75,0.22,0.39,0.48,FALSE
10/12/2020,1882.39,0,781.44,3553.85,2.17,4.59,31.97,14.13,3.04,11.13,528.07,3636.04,182.08,657.03,17.46,148.7,1488.13,1.86,19.67,498.54,5.24,1607.58,4578,86.2,2513.23,8.33,271.97,49.93,86.27,107.67,222.04,55.91,217.06,8.15,12.75,22.63,0.24,1.32,7.41,0.93,2.01,3.48,6.35,5.45,1.51,3.7,103.11,2.93,0.9,2.66,3.85,FALSE
10/13/2020,1802.21,0,568.32,2358.28,1.15,2.84,21.54,6.94,2.27,9.57,211.7,2716.72,107.6,390.2,3.37,77.39,1540.31,1.15,16.81,386.84,4.12,1361.97,3365.89,50.45,2537.94,6.99,231.47,40.72,68.16,59.71,190.74,66.15,138.47,12.52,8.23,23.04,2.71,0.91,6.58,1,2.14,3.48,6.4,5.01,1.64,3.82,99.01,3.01,0.88,2.25,3.28,FALSE
10/14/2020,1663.28,0,710.4,2971.37,2.48,4.57,36.73,14.52,3.23,10.11,672.2,4889.51,147.34,798.11,19.45,181.88,1460,1.23,20.46,399.17,4.13,1458.65,4379.42,86.19,2054.45,6.8,203.57,39.62,80.59,55.08,163.95,62.93,92.38,14.13,18.23,20.77,0.6,2.94,10.95,0.81,1.69,2.77,4.8,3.77,1.24,2.88,92.96,2.5,0.87,2.16,3.11,FALSE
10/15/2020,1903.06,0,710.4,3305.9,3.46,4.67,33.83,9.2,2.54,7.63,1383.31,7739.68,357.23,300.1,7.92,453.14,1198.34,1.01,29,333.33,3.47,668.13,5313.83,20.52,995.99,4.26,337.45,68.88,6.66,59.37,268.57,38.42,0,2.75,6.88,7.14,0,1.43,4.97,0.98,1.46,2.66,4.61,2.99,1.12,3.1,113.16,2.28,0.67,1.15,1.75,FALSE
10/16/2020,1485.33,0.43,852.48,3421.85,2.24,4.84,15.6,9.93,2.49,10.66,720.7,5158.35,199.15,420.14,11.29,284.99,1363.44,1.45,22.15,465.2,6.73,1015.05,4128.65,52.29,958.07,7.43,223.27,52.67,31.52,76.95,170.6,48.23,0,11.1,16.15,11.34,0.51,1.72,14.04,1.35,1.84,3.3,5.78,3.79,1.4,3.82,86.8,2.79,0.87,1.67,2.51,FALSE
10/17/2020,1428.36,0,284.16,2502.03,1.98,3.87,29.38,12.09,2.94,10.8,597.71,6160.95,404.57,882.51,31.32,262.71,1992.96,1.24,24,367.85,3.26,1000.17,4304.08,23.63,2416.15,4.08,201.86,49.79,27.06,81.41,152.07,42.2,18.75,8.26,15.09,9.14,0.02,1.1,8.91,0.44,0.82,1.27,2.18,1.75,0.37,1.46,85.84,1.18,0.39,0.95,1.4,FALSE
10/18/2020,1612.75,0,426.24,2262.85,0.98,3.69,13.38,6.03,2,8.24,248.63,12693.38,265.97,314.94,3.42,106.36,1265.02,0.87,17.31,283.93,2.25,617.34,2950.49,65.07,1383.35,3.73,200.09,42.62,23.72,99.91,157.47,60.43,60.85,8.47,9.77,23.84,0.07,1.02,8.57,1.43,2.13,4.05,6.55,5.06,1.97,4.17,94.97,3.17,0.9,2.24,3.45,FALSE
10/19/2020,1572.62,0,852.48,3371.21,2.01,4.64,37.13,14.8,3.13,9.8,608.16,16455.25,193.79,673.35,19.45,260.08,1255.7,0.98,18.42,365.65,3.19,1109.54,4415.13,47.88,1306.8,4.95,207.18,47.12,39.81,90.03,160.06,55.97,73.11,11.36,14.77,18.29,1.53,1.17,8.93,0.84,1.65,2.7,4.27,3.98,1.12,2.54,90.75,2.34,0.68,1.85,2.78,FALSE
10/20/2020,1729.54,0.06,860.92,3514.11,2.18,4.64,33.57,14.93,3.87,10.66,514.8,16345.58,664.47,673.87,19.45,150.04,1404.23,1.47,20.64,394.72,3.17,1100.6,4751.88,40.83,1593.53,6.81,253.15,55.12,72.16,91.94,198.03,53.47,78.1,18,15.46,15.39,3.31,1.01,9.05,0.68,1.49,2.17,3.79,3.48,0.88,2.2,87.23,2.02,0.61,1.7,2.4,FALSE
10/21/2020,1268.16,0.04,858.1,3467.93,1.88,4.56,28.34,14.38,3.03,9.92,639.32,11924.86,259.14,642.52,18.32,229.05,1125.97,1.17,15.92,347.8,2.93,907.59,4482.61,28.44,1027.34,5.22,159.69,44.19,12.4,76.12,115.5,55.11,54.79,16.01,11.95,12.29,0.26,1,6.91,0.55,1.11,1.66,2.89,2.51,0.61,1.76,65.29,1.53,0.46,1.25,1.81,FALSE
10/22/2020,1499.39,0,852.48,3266.42,1.69,4.45,16.26,10.82,2.54,8.6,416.19,3854.67,107.55,370.41,5.79,102.49,1504.89,1.1,19.17,351.97,2.77,959.29,3822.57,48.56,1926.72,6.11,181.95,45.09,34.47,66.73,136.85,67.79,63.81,22.13,11.43,19.4,1.27,1.24,9.71,1.21,2.01,3.67,6.51,4.2,1.69,4.09,84.51,3.07,0.95,1.96,2.63,FALSE
10/23/2020,1733.69,0,852.48,3956.75,2.08,5.22,25.34,11.33,3.51,14.32,402.45,2692.47,45.43,807.5,8.2,39.94,1282.38,1.76,23.73,509.97,5.52,1312.24,4178.37,130.92,1437.54,8.32,215.12,40.89,80.18,65.03,174.23,61.17,153.51,12.31,15.08,17.65,1.72,4.28,10.32,1.79,3.12,5.2,9.17,7.26,2.62,5.51,118.56,4.51,1.29,2.95,4.29,FALSE
10/24/2020,1652.44,0,426.24,2417.72,1.72,3.54,17.65,7.48,2.64,8.29,421.92,10517.67,221.56,336.42,7.19,867.55,1419.87,1.75,21.93,448.44,6.21,1178.57,4655.34,96.61,2111.96,7.73,226.69,43.76,110.98,45.7,182.93,59.63,72.46,15.06,19.96,15.29,1.18,2.42,16.57,1.3,2.06,3.74,6.22,4.41,1.62,4,86.36,3.17,1.03,2.22,3.3,FALSE
10/25/2020,2111.47,0,568.32,2774.82,2.83,4.66,31.73,8.99,3.43,12.27,916.15,3471.83,106.34,742.74,15.45,140.35,1909.24,1.59,35.02,346.97,3.08,1329.96,3878.29,106.45,2638.18,13.67,245.69,38.88,102.46,79.5,206.81,86.15,222.95,17.68,14.02,31.93,1.81,3.25,9.56,1.57,2.95,5.04,8.84,7.19,2.47,5.19,118.18,4.33,1.15,3.01,4.57,FALSE
10/26/2020,1102.65,0,852.48,3376.92,1.71,4.48,24.16,13.6,2.37,9.79,457.4,9565.81,143.68,674.38,16.65,160.2,1182.84,0.9,17.6,325.95,2.68,870.99,3839.61,31.58,1068.21,3.84,147.84,39.22,24.51,60.76,108.62,41.98,174.12,8.07,12.89,7.18,0.02,0.91,8.09,0.5,0.81,1.35,2.29,1.8,0.46,1.48,61.37,1.21,0.36,1.01,1.48,FALSE
10/27/2020,,,,,,,,,,,,,,,,,,,,,,,,,,,,,,,,,,,,,,,,,,,,,,,,,,,,FALSE
10/28/2020,636.84,0,568.32,2207.04,1.27,3.02,18.44,9.69,1.82,6.3,327.79,1971.27,94.46,472.07,12.13,106.79,742.23,0.57,9.93,205.58,1.8,510.12,2503.49,10.37,390.34,1.78,111.1,27.16,6.48,58.75,83.93,13.88,0,2.74,6.94,2.18,0,0.56,3.32,0.24,0.46,0.68,1.19,0.9,0.19,0.76,37.7,0.6,0.19,0.5,0.75,FALSE
10/29/2020,,,,,,,,,,,,,,,,,,,,,,,,,,,,,,,,,,,,,,,,,,,,,,,,,,,,FALSE
10/30/2020,2101.52,0.17,710.4,3409.14,2.97,5.41,51.91,15.36,4.65,12.18,1187.04,6636.92,254.36,735.17,16.77,455.81,1673.87,1.59,31.09,463.53,3.65,1585.7,5558.29,76.05,2350.3,12.4,269.77,44.18,118.44,76.89,225.58,73.73,122.05,18.89,19.28,23.74,3.22,2.06,11.49,1.1,2.33,3.92,6.04,5.6,1.65,3.58,118.05,3.29,1.11,2.74,4.07,FALSE
10/31/2020,1746.36,0,571.26,2678.68,1.94,4.2,29.45,11.47,2.42,9.59,605.82,7393.51,124.28,590.13,19.52,181.96,1397.19,3.24,17.51,373.41,3.36,1230.14,3611.86,116.83,2958.57,7.46,214.33,34.75,95.83,65.66,179.57,60.06,450.95,17.62,21.31,14.87,0.75,2.81,15.9,1.06,1.83,3.23,5.59,4.67,1.4,3.3,105.29,2.88,0.85,2.45,3.5,FALSE
11/1/2020,1513.99,0.04,576.07,2401.62,1.91,3.9,36.55,13.43,3.71,11.51,646.81,11423.37,263.28,846.24,20.99,489.12,915.54,1.51,17.49,376.77,2.86,1245.08,4662.92,90.16,993.87,9.65,165.51,31.98,63.18,51.09,133.53,60.12,168.34,19.12,18.05,16.72,1.14,4.26,10.2,0.89,2.07,3.27,5.63,5.67,1.71,3.12,95.73,3,0.75,2.4,3.74,FALSE
11/2/2020,1343.37,0,852.48,3727.98,2.37,5.01,27.11,13.97,3.2,10.55,786.81,15771.41,291.08,640.12,16.21,771.99,1424.49,1.63,23.32,488.02,6.64,1174.51,5092.17,65.92,1101.66,6.82,219.98,61.66,47.15,77.05,158.32,34.06,0,4.64,11.88,8.68,0,1.54,6.8,0.99,1.56,2.72,4.58,3.15,0.94,2.99,88.4,2.33,0.74,1.66,2.51,FALSE
11/3/2020,2020.21,0,581.25,2742.86,2.13,3.95,30.23,8.6,3.11,8.79,805.19,12781.61,146.93,283.94,4.3,396.96,1091.24,1.64,22.17,452.19,4.36,1222,4314.97,134.68,1165.33,10.35,284.23,40.53,133.18,81.27,243.7,57.04,160.55,15.42,10.67,21.67,0.75,1.23,8.51,1.71,3.03,5.28,8.63,6.82,2.36,5.25,117.27,4.45,1.32,2.99,4.68,FALSE
11/4/2020,1035.52,0,568.32,2226.31,0.96,2.93,20.23,6.69,2.11,6.48,226.29,6287.22,46.12,245.75,5.73,201.8,845.08,0.69,13.76,261.63,2.17,633.86,2707.9,43.27,2083.5,4.01,102.82,25.61,25.06,31.65,77.2,32.95,140.86,7.44,12.04,6.27,0.12,0.89,10.95,1.11,2.05,3.64,5.77,4.88,1.71,3.46,104.43,2.94,0.82,1.92,2.77,FALSE
11/5/2020,956.55,0,574.17,2195.99,0.87,2.87,5.56,5.54,1.39,6.32,135.13,5844.53,178.36,240.08,1.73,44.2,923.35,0.72,13.38,212.19,1.9,372.76,2355.99,13.87,1044.78,2.57,146.05,33.93,8.56,79.31,112.12,23.37,39.2,4.18,5.08,7.66,0.07,0.65,4.1,0.68,1.01,1.87,3.3,2,0.79,2.15,66.71,1.53,0.43,0.78,1.09,FALSE
11/6/2020,,,,,,,,,,,,,,,,,,,,,,,,,,,,,,,,,,,,,,,,,,,,,,,,,,,,FALSE
11/7/2020,297.85,0,237.27,1041.36,0.57,1.92,2.38,2.56,0.75,6.09,78.05,1032.96,15.86,240.08,0.36,17.11,685.66,0.36,9.42,119.4,0.85,228.49,977.96,11.2,460.77,1.32,28.88,12.45,0,2.93,16.43,11.88,0,1.79,4.36,1.58,0,0.52,3.78,0.59,0.8,1.6,2.79,1.7,0.67,1.84,35.27,1.31,0.38,0.66,0.84,FALSE
11/8/2020,1880.22,0.02,310.66,3162.06,2.64,5.03,23.89,6.14,3.69,16.74,1396.58,9466.71,257.16,598,6.42,163.88,1844.04,1.88,35.99,496.85,6.64,1210.18,5319.2,68.56,3457.46,14.86,300.24,54,69.55,117.77,246.24,48.11,11.48,14.38,13.15,8.49,0.12,1.75,10.89,1.6,2.45,4.27,7.5,5.1,1.69,4.95,107.26,3.64,1.18,2.25,3.38,FALSE
11/9/2020,1539.96,0,355.21,2076.82,1.5,3.18,13.29,7.27,2.17,7.5,460.34,3446.44,80.73,307.19,5.66,85.93,877.24,1.1,15.83,279.49,2.59,691.55,3522.2,79.05,1693.65,5.14,203.29,40.53,43.04,74.89,162.76,60.9,192.19,21.86,10.54,13.09,0.04,0.98,9.22,1.12,1.8,3.06,5.36,3.64,1.36,3.41,73.56,2.63,0.77,1.6,2.4,FALSE
11/10/2020,1648.29,0,236.8,2125.47,1.48,2.6,18.22,7.03,3.16,6.28,418.57,3415,236.43,242.92,9.54,260.2,997.01,1.65,18.16,438.21,3.27,1058.17,4332.28,44.65,2116.34,6.38,247.72,50.87,94.76,68.91,196.85,53.44,48.19,19.85,17.84,8.14,1.55,1.5,15.34,1.08,1.93,3.42,5.68,4.37,1.47,3.5,79.37,2.86,0.83,1.88,2.83,FALSE
11/11/2020,1403.15,0,355.21,2523.82,1.75,4.36,16.65,6.54,2.82,15.94,299.97,5210.92,66.56,611.14,3.45,111.76,1780.97,1.69,22.8,466.67,6.3,1082.02,4073.69,53.88,1919.93,7.13,191.85,45.46,66.56,51.98,146.39,38.19,71.75,8.32,14.7,6.42,0.5,1.72,12.45,1.63,2.55,4.61,7.7,5.66,1.96,4.96,116.83,3.87,1.21,2.52,3.56,FALSE
11/12/2020,812.09,0,355.21,1745.61,0.8,2.81,5.79,4.15,1.34,10.19,144.36,1666.57,33.38,360.59,1.51,46.02,1090.57,0.92,13.95,221.06,1.8,539.92,2126.88,49.9,1185.71,3.42,95.89,26.64,3.35,24.28,69.25,25.99,137.02,2.79,6.79,7.53,2.7,0.87,5.81,0.97,1.48,2.9,5.14,3.97,1.35,3.15,74.15,2.43,0.71,1.62,2.09,FALSE
11/13/2020,690.07,0,355.21,1770.32,1.12,3.12,7.19,4.52,1.46,9.26,178.79,2257.57,39.15,362.5,2.66,53.42,1179.5,0.73,16.63,215.76,1.93,510.43,1933.54,28.79,1801.2,3,82.65,24.86,11.83,20.41,57.79,24.42,14.49,4.2,7.74,5.09,0.13,0.93,6.57,1.03,1.43,2.84,4.9,3.02,1.22,3.2,63.08,2.33,0.69,1.28,1.68,FALSE
11/14/2020,,,,,,,,,,,,,,,,,,,,,,,,,,,,,,,,,,,,,,,,,,,,,,,,,,,,FALSE
11/15/2020,1019.93,0,236.8,1391.83,0.89,2.18,5.4,3.69,1.5,5.5,339.85,13401.64,88.38,216.07,2.34,182.41,775.28,0.65,13.67,209.26,2.18,385.84,2139.5,17.49,999.86,2.65,178.51,24.23,27.29,105.15,154.28,20.44,27.79,4.25,7.27,2.88,0.02,0.87,6.23,0.66,0.97,1.8,3.17,1.91,0.77,2.12,59.79,1.48,0.42,0.72,1,FALSE
11/16/2020,,,,,,,,,,,,,,,,,,,,,,,,,,,,,,,,,,,,,,,,,,,,,,,,,,,,FALSE
11/17/2020,1871.47,0,355.21,2537.86,2.04,4.74,22.18,9.9,4.13,17.4,424.04,4577.07,210.26,869.92,8.3,387.46,1652.17,1.93,23.38,414.26,3.41,1235.52,4711.22,90.76,1792.08,6.99,208.46,40.29,50.65,75.52,168.17,80.17,332.26,20.53,18.03,24.61,2.87,4.68,9.45,1.49,2.65,4.71,8.06,6.41,2.2,4.91,118.19,4.09,1.17,2.53,3.74,FALSE
11/18/2020,1090.03,0,236.8,1534.14,0.94,2.62,20.63,6.91,2.28,6.69,245.81,2725.88,113.94,263.61,3.55,127.03,787.51,1.18,14.77,266.75,2.35,702.5,2682.1,55.49,612.27,4.56,129.36,28.62,16.66,59.29,100.75,41.05,87.88,10.11,7.42,12.05,0.08,0.91,6.35,1.12,2.08,3.63,5.99,4.93,1.75,3.56,77.72,3.03,0.85,1.95,2.89,FALSE
11/19/2020,1530.74,0,366.55,2200.14,1.39,3.69,19.86,8.11,2.8,10.17,552.88,19792.96,276.52,331.53,9.76,473.09,1232.3,1.48,19.62,398.25,3.48,1035.63,3733.75,75.49,1454.78,6.74,191.73,43.42,29.76,72.68,148.31,61.13,43.66,20.11,15.68,15.84,0.26,1.8,13.29,1.38,2.31,4.13,7.02,5.51,1.96,4.33,92.48,3.63,1,2.14,3.19,FALSE
11/20/2020,1906.65,0,236.8,2202.4,2.48,4.17,28.83,8.75,3.81,13.97,930.35,16523.32,312.3,755.88,13.04,646.6,1285.42,2.05,23.76,486.27,6.01,1487.05,4410.63,166.48,3054.97,12.05,270.63,52.94,120.78,56.84,217.69,48.83,130.41,13.55,16.16,9.38,0.46,4.74,10.92,1.75,3.25,5.46,9.61,7.61,2.56,5.76,129.07,4.83,1.36,3.26,5.17,FALSE
11/21/2020,1695.93,0,236.8,2437.98,1.78,4.62,13.26,5.7,2.53,20.37,562.2,11927.86,173.67,723.29,6.7,497.34,2291.62,2.57,23.34,551.68,6.11,1658.33,4333.1,139.72,1955.09,10.94,193.26,57.8,72.89,38.46,135.46,63.53,288.1,15.9,29.24,9.79,0.85,3.43,24.96,1.9,3.1,5.94,10.42,8.49,2.56,6.31,137.09,5.06,1.57,3.97,5.32,FALSE
11/22/2020,1933.96,0,355.21,2536.22,2.27,3.95,27.17,8.22,3.25,11.86,403.64,5506.64,285.2,471.65,6.78,246.16,1378.89,1.52,18.3,477.17,5.92,1336.22,3799.36,95.92,1381.36,9.61,244.47,40.06,119.86,59.01,204.41,64.24,118.78,15.88,15.55,18.81,1.54,1.64,13.01,1.67,3.34,5.46,9.23,7.83,2.44,5.53,122.75,4.74,1.42,3.45,5.06,FALSE
11/23/2020,2073.2,0,473.61,2841.72,2.72,6.07,50.35,18.25,3.93,14.41,774.96,12969.61,112.93,819.93,16.94,446.91,1677.41,2.43,31.6,459.65,3.86,1543.71,4921.09,126.31,2226.46,9.43,231.22,43.76,71.03,82,187.45,81.53,336.01,17.78,22.73,24.32,1.34,1.73,17.48,1.73,3.02,5.39,8.73,7.2,2.48,5.32,138.86,4.57,1.32,3.22,4.84,FALSE
11/24/2020,1572.84,0,213.12,2277.46,2.01,3.44,44.53,11.72,3.44,9.64,445.11,21209.43,219.85,560.5,13.88,158.33,1168.73,1.93,15.86,393.07,5.53,1304.4,4148.69,76.38,1065.59,7.27,225.19,38.84,87.33,78.61,186.34,38.83,123.39,10.67,16.29,7.91,0.73,1.48,11.79,1.17,2.28,3.94,6.01,5.84,1.76,3.5,99.18,3.46,1.01,2.76,4.08,FALSE
11/25/2020,1009.17,0,355.21,1891.73,1.15,3.24,5.99,5.07,1.89,9.15,333.84,11025.48,63.21,360.12,3.12,365.5,1186.92,0.83,18.57,286.78,2.65,498.91,2677.87,21.23,1333.16,3.36,128.67,29.57,23.58,45.16,99.1,32.95,33.35,5.23,9.57,7.54,0.02,1.08,8.31,0.98,1.42,2.73,4.74,2.89,1.15,3.13,82.5,2.23,0.63,1.1,1.49,FALSE
11/26/2020,,,,,,,,,,,,,,,,,,,,,,,,,,,,,,,,,,,,,,,,,,,,,,,,,,,,FALSE
11/27/2020,1468.92,0,355.64,2579.24,2.36,4.63,31,11.13,3.02,13.6,805.78,14014.18,294.63,765.04,15.78,710.79,1752,1.48,24.53,443.61,4.98,1233.04,4274.51,69.38,1476.67,6.79,190,40.23,61.58,57.77,149.76,46.48,53.33,12.11,19.22,8.38,1.24,2.06,13.04,1.12,1.92,3.51,5.61,4.49,1.4,3.5,101.6,2.93,0.9,2.16,3.18,FALSE
11/28/2020,,,,,,,,,,,,,,,,,,,,,,,,,,,,,,,,,,,,,,,,,,,,,,,,,,,,FALSE
11/29/2020,1248.62,0,473.61,2161.88,2.11,4.47,36.35,13.4,2.97,11.97,635.68,5283.41,103.29,857.44,20.58,304.56,1397.79,0.83,19.1,316.2,2.59,1008.09,3211.5,43.73,1028.58,3.75,149.09,28.48,30.08,64.45,120.61,44.32,85.84,8.21,14.58,13.77,0.56,1.08,8.2,0.72,1.38,2.3,3.77,3.26,0.93,2.23,84.42,1.95,0.6,1.65,2.37,FALSE
11/30/2020,1275.35,0,355.21,2744.83,2.32,3.17,31.74,10.47,2.92,6.84,742.85,12234.94,211.68,695.3,31,374.52,1859.21,1.35,18.5,378.16,4.13,1044.5,4124.17,68.97,1177.44,5.74,171.52,38.33,55.66,49.28,133.19,37.17,70.39,12.68,11.71,8.64,0.48,1.27,7.04,0.82,1.65,2.75,4.4,3.78,1.07,2.71,82.97,2.36,0.73,1.76,2.86,FALSE
12/1/2020,,,,,,,,,,,,,,,,,,,,,,,,,,,,,,,,,,,,,,,,,,,,,,,,,,,,FALSE
12/2/2020,1717.95,0,148.85,1879.86,1.63,2.8,25.05,6.25,2.51,8.58,617.21,7132.49,311.08,448.46,10.33,434.83,1076.94,1.35,19.59,328.95,3.42,949.71,3342.08,84.58,1178.38,5.41,199.8,37.16,50.7,84.63,162.65,52.43,213.55,6.92,10.03,16.31,0.09,1.39,6.73,0.91,1.81,3.04,4.76,4.13,1.19,2.88,128.65,2.62,0.82,1.93,3.16,FALSE
12/3/2020,1553.95,0.02,417.22,2338.27,2.2,4.52,40.04,13.5,3.89,13.1,570.41,5129.7,258.15,955.34,18.69,180.88,1437.77,1.27,25.11,379.9,2.79,1199.35,4564.65,60.83,1213.82,4.76,185.14,41.38,49.28,63.29,143.76,52.91,99.93,7.74,13.9,10.42,0.15,2.6,6.77,1.06,1.98,3.5,5.74,5.2,1.62,3.42,111.99,3.07,0.88,2.23,3.3,FALSE
12/4/2020,1697.55,0,414.41,2073.02,1.81,4.08,29.77,12.03,3.01,12.84,461.45,23530.95,175.54,949.85,19.58,154.73,1302.47,0.95,18.96,287.81,2.39,889.91,3339.37,46.38,1859.74,3.19,207.9,37.15,8.69,62.13,170.76,69.18,42.03,6.36,13.53,11.03,0.03,2.46,6.65,0.63,1.19,1.89,3.26,2.96,0.77,1.91,84.8,1.84,0.51,1.4,2.04,FALSE
12/5/2020,810.48,0.01,244.54,1342.12,0.99,2.66,13.01,5.1,2.26,8.74,273.95,7124.21,87.98,540.97,6.06,273.71,810.25,1.08,15.03,274.66,2.37,585.56,2611.73,54.64,599.5,3.2,88.35,22.55,9.44,35.45,65.8,31.69,62.8,7.25,8.29,8.51,0.06,3.01,5.17,0.92,1.67,2.91,5.09,4.03,1.43,3.05,65.56,2.52,0.7,1.55,2.23,FALSE
12/6/2020,1584.1,0,122.75,1777.8,2.25,4.26,32,9.13,3.33,16.23,895.08,23434.26,232.02,962.05,17.6,108.31,1479.53,1.83,19.9,399.32,4.02,1268.59,3977.2,107.57,1799.45,11.06,184.04,35.96,59.69,69.1,148.07,61.33,388.62,22.52,20.04,11.91,2.03,3.71,13.85,1.25,1.94,3.44,5.85,5.09,1.55,3.52,91.66,3.2,0.94,2.58,3.83,FALSE
12/7/2020,1168.32,0,236.8,1662.78,1.16,2.74,20.82,8.41,2.5,6.99,466.65,7909.86,92.31,382.92,10.43,318.11,860.85,0.97,14.61,286.76,2.61,677.55,3203.18,27.63,861.6,4.26,132.82,39.06,13.05,55.23,93.75,54.16,58.19,16.73,9.72,9.84,0.05,0.97,7.09,0.76,1.43,2.45,4.02,3.27,1.07,2.43,64.73,2.04,0.58,1.4,2.08,FALSE
12/8/2020,1379.14,0,355.21,2544.19,1.6,3.98,27.68,8.86,3.08,12.12,391.07,2905.19,187.42,578.78,8.63,105.23,1420.47,1.19,20.81,352.95,3.11,969.23,3621.13,53.84,2140.82,5.19,167.92,43.72,21.21,70.41,124.2,44.83,113.8,9.24,11.87,12.3,0.36,1.35,8.72,1.36,2.52,4.45,7.18,6.03,1.97,4.36,108.69,3.67,1.06,2.49,3.61,FALSE
12/9/2020,1421.9,0.03,363.91,1904.79,1.88,4.06,23.36,9.42,1.98,10.88,492.49,2448.27,141.86,647.81,22.99,127.26,1587.92,1.46,21.3,391.79,3.99,1123.25,2948.58,47.54,1764.43,6,146.73,43.62,33.17,41.41,103.11,70.85,37.32,23.55,21.97,17.45,0.48,1.9,16.76,0.89,1.52,2.74,4.82,2.96,0.99,3.2,84.01,2.35,0.81,1.83,2.55,FALSE
12/10/2020,,,,,,,,,,,,,,,,,,,,,,,,,,,,,,,,,,,,,,,,,,,,,,,,,,,,FALSE
12/11/2020,2263.5,0,355.21,3018.81,3.4,5.75,51.58,10.73,4.22,17.03,1038.78,24773.36,210.27,674.6,13.24,604.42,1735.95,1.96,45.19,523.32,4.93,1621.77,4892.44,191.9,3714.2,9.48,289.53,50.27,100.27,62.01,239.26,69.37,100.43,18.34,21.87,14.68,0.1,2.5,16.85,2.12,3.64,6.31,10.54,8.67,2.91,6.36,156.3,5.44,1.61,3.69,5.77,FALSE
12/12/2020,1026.95,0.05,236.8,1624.83,1.41,3.14,20.96,9.96,2.48,7.61,530.81,6997.46,271.17,522.72,15.38,475.22,1155.65,0.87,13.54,279.01,2.98,717.04,3367.55,19.5,654.58,3.52,137.45,37.28,11.18,68.49,100.17,43.06,18.73,17.85,11.13,8.72,0.2,1.18,6.78,0.36,0.81,1.18,1.98,1.6,0.36,1.28,47.87,1.03,0.34,0.9,1.31,FALSE
12/13/2020,686.37,0,236.8,1084.13,1.28,2.54,15.32,6.25,1.09,7.46,339.05,1885.91,34.33,485.25,9.34,71.45,831.49,0.44,10.15,146.63,1.19,511.07,1401.98,31.65,534.97,1.91,67.13,12.89,34.15,11.89,54.24,32.8,73.39,8.23,9.41,12.57,0.65,0.8,5.8,0.37,0.57,0.99,1.72,1.24,0.34,1.12,39.38,0.86,0.3,0.79,1.06,FALSE
12/14/2020,1772.5,0,355.21,2327.86,1.85,4.17,29.84,10.76,2.8,11.93,475.63,12410.44,163.99,695.98,16.25,193.93,1890.37,1.06,23.38,347.52,2.59,1374.76,3820.59,77.85,2913.12,6.99,125.62,31.1,43.89,24.23,94.52,92.93,293.94,21.99,23.4,26.63,0.64,2.24,17.44,1.2,2.42,4.09,6.88,6.14,1.9,4.11,129.39,3.46,1.05,3.05,3.96,FALSE
12/15/2020,1211.87,0,355.21,2230,1.89,3.78,21.61,10.85,2.75,9.65,630.48,46172.59,248.71,604.11,14.39,560.7,1370.89,1.15,21.27,318.53,3.34,835.73,4566.94,19.82,1127.38,3.74,156.14,43.98,13.28,61.76,112.16,45.16,0,3.65,10.13,6.65,0,1.29,5.27,0.63,1.01,1.91,3.15,2.24,0.69,2.13,73.75,1.72,0.53,1.02,1.65,FALSE
12/16/2020,1036.07,0,355.21,2256.22,1.79,4,26.32,12.19,3.46,10.95,799.47,12540.97,356.99,724.12,19.67,664.03,1403.06,1.19,19.38,393.05,3.6,1000.98,4635.98,22.96,738.81,4.43,166.12,41.7,44,54.48,124.42,22.32,0,4.26,11.53,3.51,0,1.4,5.88,0.54,0.98,1.62,2.7,2.27,0.53,1.81,68.18,1.49,0.49,1.19,1.9,FALSE
12/17/2020,1210.61,0,402.57,3881.64,2.17,4.95,31.3,13.41,3.92,14.25,974.33,22582.1,625.43,900.16,32.23,844.3,1855.27,1.69,22.73,480.11,4.53,1187.89,5674.52,31.12,1448.32,5.46,174.51,46.37,36.46,65.57,128.14,35.23,0,6.89,18.58,5.44,0.04,2.23,11.37,0.68,1.24,2.03,3.35,2.77,0.62,2.23,79.64,1.85,0.6,1.48,2.27,FALSE
12/18/2020,1266.95,0,284.17,2298.79,2.5,3.9,22.93,8.82,2.61,11.08,763.32,16775.19,164.58,654.38,19.12,571.74,1805.88,1.28,17.89,387.96,3.48,1188.3,4067.39,74.21,2652.48,6.38,133.46,32.53,45.75,36.72,100.92,55.06,70.49,12.56,19.32,18.61,0.51,1.76,13.7,0.72,1.69,2.51,4.54,3.78,0.96,2.82,79.19,2.22,0.76,2.17,2.87,FALSE
12/19/2020,1139.1,0,142.08,2047.58,1.62,3.84,19.36,8.85,3.07,13.03,740.32,24516.25,375,646.95,16.12,724.4,1780.86,1.52,20.5,428.82,4.39,1188.78,4122.9,54.76,1319,7.04,135.02,42.71,13.42,52.14,92.31,42.74,103.48,10.4,15.54,11,1.28,3.64,8.73,1,1.77,3,5.17,4.16,1.24,3.28,82.95,2.72,0.85,2.09,2.87,FALSE
12/20/2020,1992.55,0,23.68,1324.47,1.55,3.3,20.3,7.4,2.14,11.53,496.21,5548.57,162.27,673.92,13.28,303.57,1403.52,0.95,21.11,272.31,3.02,874.53,3008.94,49.7,3811.54,4.21,236.08,45.38,33.7,72.17,190.7,77.15,234.91,7.56,11.99,30.96,0.72,1.19,7.58,0.62,1.18,1.91,3.34,2.75,0.72,2.02,112.99,1.7,0.53,1.51,2.06,FALSE
12/21/2020,1211.85,0,355.21,2116.91,1.17,3.48,15,7.3,1.48,11.71,355.25,4404.32,172.68,644.14,12.33,335.74,1466.39,0.85,17.39,249.79,2.82,670.71,2990.68,28.51,1220.36,2.98,132.05,41.76,0.26,71.08,90.29,60.66,0.03,7.91,20.33,13.57,0.09,2.34,15.38,0.46,0.81,1.38,2.32,1.84,0.38,1.48,65.49,1.23,0.4,1.06,1.45,FALSE
12/22/2020,596.88,0,142.08,1315.93,1.05,1.91,19.28,6.5,2.15,5.63,314.19,22815.6,145.77,485.35,12.38,128.49,547.97,0.8,8.15,194.43,2.11,576.09,2911.37,34.1,416.14,2.47,89.21,22.25,7.18,46.45,66.96,14.16,40.26,3.3,6.65,2.19,0,1.97,2.47,0.43,0.82,1.25,2.15,2.11,0.59,1.21,41.36,1.33,0.32,0.9,1.37,FALSE
12/23/2020,1256.92,0,355.21,2425.33,3.24,3.85,29.58,11.21,2.9,11.05,676.23,3417.54,186.08,725.54,18.31,151.04,1339.31,1.33,19.68,406.06,3.88,1115.5,3830.33,38.53,860.27,5.5,195,46.63,52.17,64.33,148.37,27.99,24.1,6.89,12.82,4.91,0.78,1.18,7.14,0.73,1.43,2.33,4,3.26,0.85,2.49,79.94,2.11,0.63,1.68,2.53,FALSE
12/24/2020,1105.17,0.04,363.01,1877.12,1.57,3.8,21.7,8.89,2.38,11.94,384.2,5475.68,181.71,620.75,14.62,275.76,1299.72,1.04,18.14,305.06,2.91,820.3,2849.98,38.88,1027.51,7.05,116.2,30.76,12.63,49.74,85.44,48.44,80.78,15.07,13.11,13.65,0.65,1.23,8.93,0.84,1.68,2.64,4.58,3.6,1.1,2.81,78.43,2.27,0.6,1.64,2.38,FALSE
12/25/2020,,,,,,,,,,,,,,,,,,,,,,,,,,,,,,,,,,,,,,,,,,,,,,,,,,,,FALSE
12/26/2020,1927.82,0.17,243.59,2030.15,3.47,2.6,30.53,12.92,3.27,3.3,886.42,4259.21,151.87,554.31,42.97,190.35,1595.55,2.48,22.68,563.71,4.44,1473.68,4937.68,40.47,1195.8,9.19,244.44,56.94,92.62,61.08,187.5,86.87,0,37.72,23.88,16.91,1.77,1.17,18.72,0.73,1.42,2.15,3.94,2.69,0.79,2.65,74.82,1.95,0.63,1.56,2.64,FALSE
12/27/2020,1358.99,0,355.21,1947.09,2.3,3.82,33.33,11.98,2.95,9,744.69,11026.38,187.25,668.09,19.57,484.12,1271.65,1.03,20.49,404.36,4.16,1113.66,4363.55,19.54,2085.14,5.91,201.12,49.18,46.89,41.85,151.95,43.13,0,12.25,14.54,8.14,1.46,1.11,8.48,0.38,0.71,1.15,1.93,1.6,0.35,1.27,73.85,1.03,0.35,0.88,1.3,FALSE
12/28/2020,,,,,,,,,,,,,,,,,,,,,,,,,,,,,,,,,,,,,,,,,,,,,,,,,,,,FALSE
12/29/2020,1163.62,0,236.8,1652.53,1.75,3.7,23.44,7.99,2.63,13.06,924.56,12289.73,137.13,723.51,14.46,489.74,1372.82,0.94,32.13,310.48,3.45,800.97,3070.7,28.31,951.32,4.57,151.75,36.82,25.62,64.5,114.93,46.6,13.98,6.66,11.19,12.06,0.2,1.13,6.85,0.48,0.9,1.53,2.68,1.91,0.49,1.65,61.91,1.36,0.47,1.2,1.67,FALSE
12/30/2020,,,,,,,,,,,,,,,,,,,,,,,,,,,,,,,,,,,,,,,,,,,,,,,,,,,,FALSE
12/31/2020,,,,,,,,,,,,,,,,,,,,,,,,,,,,,,,,,,,,,,,,,,,,,,,,,,,,FALSE
1/1/2021,1579.9,0,303.5,1962.66,1.61,2.82,20.25,10.43,2.37,6.07,579.55,7325.15,169.97,410.2,16.99,356.42,934.74,2.13,18.3,465.92,6.42,1070.43,3940.33,47.58,1622.36,7.6,199.1,50.15,59.44,68.25,148.95,74.23,5.3,30.11,16.38,18.94,0.12,1.28,12.55,0.72,1,1.63,2.86,2.07,0.56,1.94,56.37,1.41,0.51,1.22,1.93,FALSE
1/2/2021,,,,,,,,,,,,,,,,,,,,,,,,,,,,,,,,,,,,,,,,,,,,,,,,,,,,FALSE
1/3/2021,1787.76,0,284.17,2467.13,2.32,3.98,27.41,12.59,3.17,11.53,565.7,4946.57,141.51,763.14,23.52,183.14,2143.23,1.33,19.32,373.86,2.98,1256.19,4590.41,40.66,2519.07,7.07,197.03,50.74,9.63,80.88,146.29,89.85,88.11,26.7,18.64,27.51,0.62,2.01,12.3,0.6,1.67,2.44,4.46,4.06,1.02,2.69,87.87,2.1,0.73,2.29,2.85,FALSE
1/4/2021,1951.56,0,426.25,2509.13,2.29,4.52,38.25,14.42,4.21,14.6,545,3461.97,176.98,1101.03,21.6,172.51,1457.18,2.15,19.81,460.26,3.54,1346.61,5144.04,94.75,1782.91,6.62,227.01,50.08,60.12,71.98,176.93,80.22,244.63,23.36,21.87,20.43,3.59,4.3,12.77,1.02,2.02,3.31,5.65,5.28,1.54,3.31,113.45,3.07,0.92,2.55,3.75,FALSE
1/5/2021,1520.9,0,355.21,2808.79,2.32,4.27,37.05,13.03,3.68,12.93,626.91,19195.69,171.43,1049.25,28.32,202.79,1780.45,1.49,19.15,374.37,3.28,1151.52,4674.01,54.84,1416.89,4.74,217.99,49.14,31.25,90.59,168.85,43.85,99.35,12.33,16.93,8.75,1.48,2.68,8.74,0.81,1.61,2.6,4.32,4.07,1.1,2.55,92.39,2.46,0.71,1.87,2.8,FALSE
1/6/2021,1543.02,0,426.25,2706.88,2.55,4.74,30.42,11.05,3.56,15.98,1319.36,17788.71,321.03,787.97,15.9,884.7,1560.19,1.78,37.17,450.73,4.18,1339.85,4665.63,116.19,1597.17,8.01,242.39,50.59,56.26,84.79,191.8,32.63,287.59,7.08,13.32,5.83,0.04,1.76,8.05,1.06,1.87,3.42,5.94,5.17,1.44,3.49,107.63,3.02,0.94,2.48,3.67,FALSE
1/7/2021,1438.5,0.09,426.25,2957.73,2.4,4.47,32.19,14.52,3.91,11.95,886.76,19280.2,585.86,783.07,23.78,713.53,1509.88,1.65,22.36,448.74,5.38,1299.58,5158.46,67.42,958.77,6.86,227.34,47.93,73.46,73.99,179.41,33.13,93.66,8.11,15.33,5.73,0.5,1.84,8.21,0.85,1.39,2.4,4.08,3.48,0.93,2.66,88.27,2.26,0.7,1.76,2.71,FALSE
1/8/2021,1524.08,0.05,284.17,2585.67,1.94,3.7,25.74,11.45,2.91,8.98,729.74,21483.09,359.01,596.54,21,278.61,1455.19,1.27,18.13,365.49,3.8,1340.6,3954.28,65.84,1722.18,7.3,196.23,39.34,70,64.58,156.89,58.02,200.98,17.27,20.72,13.52,0.69,1.58,15.06,0.74,1.23,2.19,3.65,2.61,0.87,2.35,76.08,2.08,0.74,1.73,2.49,FALSE
1/9/2021,982.86,0.08,355.71,2216.73,2.01,3.94,26.41,10.21,2.47,13.86,552.74,7864.91,154.6,798.56,16.77,278.97,1363.28,1.01,23.39,308.59,2.92,884.56,3257.33,47.9,1819.02,3.47,131.49,27.88,37.33,44.55,103.61,29.62,41.47,6.55,13.9,5.93,0.1,1.96,8.11,0.59,1.14,1.84,3.34,2.74,0.72,1.93,67.29,1.69,0.51,1.43,2.01,FALSE
1/10/2021,822.95,0,0,405.72,0.13,0.19,2.62,1.37,0.36,1.96,92.24,3951.29,63.49,0.19,2.92,44.08,77.96,0.3,3.84,48.97,0.8,121.65,1611.87,7.49,2396.67,0.97,125.81,16.63,10.64,55.09,109.18,35.06,30.06,8.23,3.25,13.86,0.01,0.34,2.31,0.08,0.12,0.23,0.4,0.35,0.12,0.23,17.46,0.24,0.07,0.18,0.27,FALSE
1/11/2021,1654.58,0,289.22,3712.41,3.49,4.06,31.25,9.75,2.83,11.44,792.95,6093.41,210.79,740.96,18.81,277.33,1374.3,1.52,24.1,356.67,2.74,915.3,4212.66,42.64,1793.09,4.43,268.52,41.68,15.67,108.97,226.84,42.96,22.06,10.46,17.96,8.79,0.06,2.42,12,0.59,1.13,1.81,3.16,2.67,0.67,1.96,78.43,1.69,0.53,1.36,2.01,FALSE
1/12/2021,1320.03,0,288.69,1674.31,1.81,3.29,24.91,10.34,2.3,8.25,699.22,8653.73,81.94,552.66,18.37,374.68,1052.89,1.49,15.93,346.73,3.08,913.73,3592.97,26.21,922.63,4.93,152.03,33.88,11.68,49.77,118.15,63.33,10,19.61,18.13,10.42,0,1.11,13.73,0.48,0.88,1.42,2.41,1.75,0.44,1.6,61.81,1.22,0.42,1.04,1.6,FALSE
1/13/2021,1598.24,0,143.95,1732.96,1.53,2.48,29.11,9.82,3.89,9.89,384.64,9058.14,398.66,715.15,13.46,184.64,939.88,2.01,12.3,333.69,2.56,1090.97,4406.46,98.61,1600.71,5.46,218.43,42.51,77.55,75.14,175.92,47.78,220.52,18.98,13.35,11.73,5.26,3.96,5.76,0.86,1.89,3.19,5.59,5.82,1.71,3.05,88.58,2.92,0.87,2.47,3.59,FALSE
1/14/2021,1725.06,0,337.74,4126.96,1.43,3.01,23.28,9.72,2.76,8.74,514.31,28574.78,159.06,499.93,21.19,185.35,1454.04,2.07,14.36,418.3,3.77,1062.79,4817.38,63.58,1600.62,6.49,249.45,44.93,43.79,137.74,204.52,60.46,199.82,17.78,14.06,18.21,2.39,1.08,9.33,0.84,1.41,2.53,4.47,4.11,1.12,2.65,76.86,2.41,0.7,1.97,2.72,FALSE
1/15/2021,1555.43,0,355.21,2085.96,1.95,3.81,24.74,10.38,2.78,10.55,540.76,15725.77,122.01,640.12,15.96,228.89,1280.61,1.09,17.16,403.28,4.64,1044.8,3277.65,36.81,960.9,5.34,228.5,36.87,91.24,72.12,191.62,51.96,0,9.46,15.98,15.31,0.04,1.17,11.54,0.72,1.14,1.99,3.47,2.35,0.76,2.26,70.01,1.79,0.53,1.2,1.74,FALSE
1/16/2021,,,,,,,,,,,,,,,,,,,,,,,,,,,,,,,,,,,,,,,,,,,,,,,,,,,,FALSE
1/17/2021,,,,,,,,,,,,,,,,,,,,,,,,,,,,,,,,,,,,,,,,,,,,,,,,,,,,FALSE
1/18/2021,,,,,,,,,,,,,,,,,,,,,,,,,,,,,,,,,,,,,,,,,,,,,,,,,,,,FALSE
1/19/2021,2054.55,0,355.21,2622.72,2.46,4.4,36.76,13.4,3.77,13.26,670.06,30307.04,195.97,953.45,23.01,184.78,1560.46,1.47,20.54,406.32,3.94,1346.5,4952.39,75.44,1802.24,6.29,299.06,44.15,86.38,115.37,254.92,66.08,57.28,11.33,20.38,19.48,0.34,3.08,12.51,0.87,1.56,2.6,4.46,3.7,1.09,2.67,92.08,2.56,0.76,2,2.93,FALSE
1/20/2021,1430.82,0,359.76,2568.71,2.21,4.11,32.03,13.09,3.75,11.22,730.23,33838.38,458.49,725.54,20.68,520.01,1507.1,1.75,21.53,439.94,4.48,1255.28,5322.06,41.25,1311.35,6.49,187.09,48.18,37.56,70.67,138.91,52.26,29.34,10.44,20.64,13.73,0.33,2.33,13.51,0.82,1.45,2.4,3.8,3.36,0.85,2.41,83.74,2.29,0.67,1.68,2.59,FALSE
1/21/2021,1726.06,0,433.74,2303.62,2.12,3.74,34.76,14.28,3.44,9.52,674.53,7279.79,235.12,615.42,21.12,370.79,1038.08,1.2,19.72,356.46,2.68,1105.03,4268.98,42.42,1318.48,9.88,201.79,39.04,31.56,102.52,162.74,75.78,92.6,21.55,27.22,20.43,0.78,2.75,19.36,0.67,1.51,2.25,3.89,3.49,0.99,2.3,85.36,1.97,0.48,1.65,2.58,FALSE
1/22/2021,1004.61,0,426.25,2346.62,1.98,4.41,28.96,13.17,2.91,13.05,611.86,4261.47,270.67,896.14,21.41,249.08,1504.02,0.98,19.2,357.84,2.89,1011.24,3777.73,26.27,911.01,3.85,131.4,38.99,24.18,35.54,92.41,34.76,0,7.45,15.88,5.79,0.02,1.19,9.32,0.48,0.88,1.4,2.4,1.95,0.4,1.58,73.01,1.29,0.43,1.08,1.52,FALSE
1/23/2021,,,,,,,,,,,,,,,,,,,,,,,,,,,,,,,,,,,,,,,,,,,,,,,,,,,,FALSE
1/24/2021,,,,,,,,,,,,,,,,,,,,,,,,,,,,,,,,,,,,,,,,,,,,,,,,,,,,FALSE
1/25/2021,1904.2,0.08,484.86,2999.88,2.74,4.89,35.39,16.39,4.51,11.85,812.65,32858.79,420.62,781.6,20.64,587.21,1468.13,1.77,23.93,461.83,4.39,1268.98,5725.89,48.76,2233.91,7.33,255.86,55.73,56.78,100.8,200.13,72.11,112.97,22.93,18.36,22.88,2.5,2.02,10.74,1.02,1.81,3.02,5.12,3.97,1.23,3.25,99.36,2.68,0.86,1.84,3.04,FALSE
1/26/2021,1734.81,0,355.21,2535.51,2.31,4.42,32.75,13.19,4.09,11.47,714.6,36140.13,456.37,807.41,21.89,553.59,1828.5,1.76,24.42,502.05,5.76,1586.35,5239.12,96.9,1641.87,8.4,219.53,50.56,59.4,68.51,168.97,65.46,121.89,12.82,16.48,23.86,0.45,3.29,9.31,1.05,2.26,3.57,6.32,5.34,1.67,3.87,106.89,3.16,1,2.58,3.68,FALSE
1/27/2021,1906.79,0,473.61,3564.24,3.53,5.25,34.74,15.59,4.62,11.32,951.5,20578.73,239.86,889.49,30.16,773.91,1841.15,2.11,31.29,597.64,5.63,1419.22,6327.35,73.7,2373.16,8.23,256.19,62.9,49.93,99.99,193.29,71.73,204.38,18.01,21.97,16.4,0.05,3.75,14.46,1.31,2.21,3.8,6.42,4.97,1.77,4.1,110.68,3.32,0.95,2.1,3.19,FALSE
1/28/2021,1880.06,0.29,366.41,3477.99,2.53,4.2,23.84,11.6,3.52,10.6,774.09,8844.98,347.04,625.01,16.22,613.69,1497.7,1.98,28.38,459.14,4.63,1013.83,4993.47,37.39,2329.68,6.54,231,52.18,39.08,97.05,178.83,77.9,100.01,19.34,16.61,26.1,5.51,1.91,10.17,0.94,1.46,2.64,4.41,3.1,1.01,2.95,109.54,2.29,0.71,1.47,2.19,FALSE
1/29/2021,1684.12,0,355.21,2109.83,2.84,4.64,26.27,11.33,2.49,12.33,990.57,9415.23,71.68,668.75,15.66,336.38,2148.63,1.42,24.76,424.28,3.78,1643.45,3876.34,87.44,3545.38,9.6,193.9,50.99,94.36,24.13,142.91,63.5,80.99,18.38,18.54,18.21,0.79,1.98,12.76,1.09,2.09,4.04,6.94,4.46,1.57,4.4,108.86,3.37,1.3,2.82,4.16,FALSE
1/30/2021,726.82,0,236.8,1262.28,1.39,2.78,16.4,7.68,1.38,9,311.32,1713.92,53.38,580.1,11.59,104.38,983.48,0.78,12.91,254.56,3.78,781.57,1843.15,32.96,449.86,4.2,99.43,22.65,37.57,27.57,76.78,20.37,0,4.56,10.11,3.16,0,0.78,6.26,0.6,0.68,1.23,2.18,1.63,0.39,1.42,49.72,1.06,0.38,0.95,1.39,FALSE
1/31/2021,2126.4,0.06,245.24,2548.03,2.24,4.45,27.12,11.09,3.77,13.61,513.16,70191.14,189.39,681.72,18.6,145.52,1873.52,2.27,21.88,505.14,6.85,1282.14,5676.4,70.46,3175.59,7.78,282.85,47.48,88.16,98.01,235.37,80.58,231.29,27.34,21.27,20.28,7.36,1.65,15.58,1.4,2.05,3.68,6.1,4.64,1.52,3.99,103.24,3.38,1.02,2.43,3.56,FALSE
2/1/2021,1715.89,0,236.8,2356.81,2.18,3.93,30.09,12.04,3.28,11.3,758.81,21963.28,278.27,660.63,18.34,442.7,1629.56,1.52,20.22,407.18,4.54,1300.14,4593.01,64.24,2250.29,7.44,212.23,51.76,59.93,57.85,160.47,73.8,72.71,22.68,17.13,15.52,1.03,1.83,11.5,0.85,1.6,2.76,4.48,3.53,1.05,2.77,85.13,2.51,0.83,2.02,3.03,FALSE
2/2/2021,1591.43,0.03,359.42,2674.86,1.92,3.94,25.54,9.47,3.34,11.11,631.09,36120.55,257.38,504.72,10.13,512.22,1427.09,1.78,23.52,450.85,4.93,1162.32,5182.67,76.04,1893.35,6.42,219.43,48.35,67.59,63.43,171.08,43.98,65.55,9.9,15.98,9.12,0.19,1.79,12.05,1.3,2.08,3.7,6.28,4.91,1.63,3.94,116.29,3.44,0.93,2.07,3.14,FALSE
2/3/2021,,,,,,,,,,,,,,,,,,,,,,,,,,,,,,,,,,,,,,,,,,,,,,,,,,,,FALSE
2/4/2021,1479.96,0,544.65,4024.94,1.58,4.94,19.15,8.37,2.89,8.91,338.34,18346.49,465.79,539.8,23.04,102.23,1161.07,1.54,18.15,418.01,8.05,903.58,3504.71,38.87,733.47,5.47,184.87,43.7,10.57,58.3,141.17,54.81,199.47,18.74,14.22,7.14,0.03,1,11.31,1.01,1.66,2.92,4.93,3.46,1.21,3.22,92.99,2.5,0.74,1.63,2.43,FALSE
2/7/2021,,,,,,,,,,,,,,,,,,,,,,,,,,,,,,,,,,,,,,,,,,,,,,,,,,,,FALSE
2/8/2021,1284.88,0,497.29,3440.63,2.5,5.08,27.52,12.28,3.23,11.86,657.06,38345.9,281.77,640.68,17.63,921.85,1504.25,1.93,22.8,481.95,6.81,1133.1,5246.04,96.23,1192.08,6.39,183.83,42.09,15.3,52.07,141.74,30.16,164.43,4.08,10.79,7.51,0,1.11,5.99,1.07,1.72,3.13,5.64,4.46,1.39,3.48,99.23,2.82,0.91,2.06,2.95,FALSE
2/9/2021,,,,,,,,,,,,,,,,,,,,,,,,,,,,,,,,,,,,,,,,,,,,,,,,,,,,FALSE
2/10/2021,1093.27,0,355.21,2168.83,1.79,4.05,27.86,10.83,3.16,13.15,539.96,9426.5,181.71,936.09,16.6,329.82,1276.63,1.19,19.96,334,3.09,926.53,3856.24,59.02,841.31,3.88,129.81,38.86,6.46,49.01,90.95,39.98,60.38,6.18,13,10.07,0,3.33,6.42,0.84,1.63,2.74,4.76,4.08,1.25,2.81,87.08,2.46,0.7,1.74,2.5,FALSE
2/11/2021,1875.05,0,355.21,2203.2,1.96,3.66,22.62,10.43,2.9,9.65,618.11,9439.07,368.53,604.11,16.68,138.49,1337.73,1.31,23.76,382.26,3.53,943.04,3887.49,26.89,2998.63,4.97,262.63,53.11,48.44,78.41,209.52,65.35,0,12.91,13.99,17.28,0.02,1.26,9.2,0.71,1.21,2.13,3.72,2.63,0.75,2.45,91.45,1.82,0.56,1.19,1.92,FALSE
2/13/2021,,,,,,,,,,,,,,,,,,,,,,,,,,,,,,,,,,,,,,,,,,,,,,,,,,,,FALSE
2/15/2021,,,,,,,,,,,,,,,,,,,,,,,,,,,,,,,,,,,,,,,,,,,,,,,,,,,,FALSE
2/16/2021,1777.87,0,473.61,2919.36,2.33,4.65,25.66,10.07,3.42,13.07,699.25,2482.76,212.21,661.23,9.31,116.81,1584.67,1.47,23.53,452.95,5.23,1092.88,4007.95,132.95,1441.65,6.3,285.83,51.59,103.42,87.94,234.23,41.7,48.2,5.93,13.54,10.58,0.07,1.87,9.91,1.49,2.38,4.14,7.37,4.89,1.76,4.67,106.74,3.56,1.08,2.12,3.39,FALSE
2/17/2021,1098.77,0,355.21,2205.45,1.71,3.84,23.7,11,2.84,9.87,627.2,14457.6,122.36,624.88,14.49,440.69,1356.35,1,17.83,362.26,3.23,1034.13,3754.16,46.11,969.6,5.75,130.06,32.32,23.59,44.91,97.75,39.77,209.19,9.9,13.2,9.7,0.28,1.3,8.53,0.85,1.45,2.7,4.38,3.34,1.14,2.72,81.33,2.26,0.71,1.68,2.38,FALSE
2/18/2021,,,,,,,,,,,,,,,,,,,,,,,,,,,,,,,,,,,,,,,,,,,,,,,,,,,,FALSE
2/19/2021,1282.51,0,355.21,2220.89,2.14,4.17,28.49,13,3.44,11.1,727.05,51075.74,217.58,752.12,20.59,491.48,1386.48,2.11,21.33,487.44,4.96,1122.44,4727.4,32.14,730.53,6.07,179,40.25,32.81,72.64,138.75,44.05,0,12.01,14.2,10.57,0,1.11,8.51,0.64,1.08,1.73,3.01,2.27,0.59,2.01,71.51,1.66,0.57,1.26,2.05,FALSE
2/20/2021,333.84,0,236.8,1040.19,1.01,2.37,15.08,6.76,1.21,7.5,270.93,1399.99,41.46,520.08,10.56,76.11,791.84,0.36,9.22,137.76,0.85,448.46,1360.08,11.2,401.74,1.32,24.97,11.94,0,3.03,13.03,13.83,0,2.79,7.36,2.13,0,0.52,3.78,0.24,0.4,0.71,1.2,0.96,0.19,0.77,36.37,0.63,0.21,0.55,0.73,FALSE
2/21/2021,,,,,,,,,,,,,,,,,,,,,,,,,,,,,,,,,,,,,,,,,,,,,,,,,,,,FALSE
2/22/2021,1361.65,0.02,358.02,4289.44,2.62,4.89,38.88,15.47,4.68,12.42,1141.96,55228.98,297.72,1011.97,27.85,1214.17,1567.75,2.16,27.45,546.52,4.74,1375.17,6020.32,75.95,1195.7,7,180.38,49.86,37.7,51.02,130.52,43.17,80.04,7.95,13.93,12.75,0.2,3.61,5.47,0.82,1.73,2.85,4.78,4.48,1.27,2.85,98.51,2.71,0.83,2.06,3.33,FALSE
2/23/2021,1655.67,0,355.21,2647.27,2.15,4.14,32.44,12.44,3.73,11.12,853.86,18947.52,400.22,840.13,20.25,744.52,1723.76,1.6,19.65,401.93,4.17,1625.92,5059.88,96.71,2103.52,8.09,176.1,44.99,23.95,75.95,131.12,72.22,180.14,18.18,20.34,26.7,1.11,4.84,11.39,0.84,2.41,3.61,6.43,6.15,1.74,3.66,104.67,3.2,1.03,3.08,4.29,FALSE
2/24/2021,1478.21,0,236.8,3772.46,2.15,3.27,23.26,9.67,2.89,8.25,771.85,13266.71,373.65,538,17.36,697.53,1433.27,1.72,20.9,392.6,4.91,1237.96,4145.13,70.59,2056.94,6.92,198,45.37,46.73,59.15,152.63,55.16,76.97,14.25,19.44,11.02,0.4,2.71,12.75,0.66,1.33,2.26,3.68,2.68,0.81,2.38,75.78,1.99,0.73,1.68,2.56,FALSE
2/25/2021,1676.1,0,331.53,2722.63,1.96,4.12,21.49,9.69,3.13,13.25,714.28,6422.25,424.38,704.84,14.23,700.69,1696.98,1.84,21.52,453.12,5.64,1232.51,5373.08,61.65,1770.82,6.65,266.29,57.54,53.52,89.39,208.75,46.26,3.96,7.25,15.81,6.6,0.05,2.03,10.6,0.82,1.5,2.44,4,3.19,0.77,2.63,83.98,2.19,0.75,1.73,2.73,FALSE
2/26/2021,1197.76,0.02,334.34,4334.92,1.91,3.66,26.29,11.78,3.03,9.71,558.96,4484.77,151.12,701.94,18.29,252.15,1262.58,1.68,16.95,333.53,3.03,940.26,3619.74,26.29,1504.48,4.03,148.03,32.89,39.26,52.98,115.14,47.69,32.23,10.36,18.99,14.32,0.5,1.98,12.36,0.44,0.97,1.54,2.74,2.22,0.58,1.68,67.26,1.42,0.47,1.24,1.92,FALSE
2/27/2021,1558.04,0.02,358.02,2137.95,2.53,4.5,40.46,13.78,3.52,23.88,824.03,14403.89,231.89,1052.64,21.6,488.31,1689.86,1.17,21.03,397.82,2.7,1538.19,3895.7,107.12,1976.96,6.56,173.22,37.52,37.99,68.2,135.7,58.34,152.09,13.52,19.12,17.54,0.71,3.45,10.74,0.93,2.15,3.65,6.22,5.43,1.75,3.5,113.65,3.32,1.12,2.83,4.1,FALSE
2/28/2021,1424.89,0.1,369.27,2008.26,1.72,3.59,22.41,10.49,2.71,9.15,501.38,3525.85,144.28,595.43,14.31,143.34,1117.46,1.16,18.35,325.53,2.91,777.07,3934.59,26.09,1303.01,3.85,191.83,37.24,36.25,75.91,154.59,57.97,57.4,15.83,11.09,17.42,0.5,0.96,6.81,0.65,1.01,1.78,3.07,2.12,0.68,2.05,66.73,1.54,0.47,1.03,1.5,FALSE
3/1/2021,1755.13,0,426.25,2355.82,2.17,4.53,38.47,15.74,3.26,12.81,670.49,7270.23,112.25,903.32,24.84,181.15,1496.28,1.09,22.88,361,2.28,1152.52,3770.39,42,2991.98,5.76,195.16,46.63,39,25.97,148.53,74.91,56.18,24.84,20.46,12.65,0.18,1.25,13.48,0.75,1.37,2.39,3.78,3.48,0.94,2.28,106.15,2.06,0.64,1.69,2.43,FALSE
3/2/2021,1098.11,0,355.21,2103.07,1.72,3.65,31.34,11.48,2.78,9.84,627.57,12256.6,166.26,696.38,18.82,551.91,1179.46,0.92,18.25,323.2,3.07,890.96,3522.92,31.21,1018.23,3.9,126.01,36.14,6.29,45.22,89.87,44.17,61.1,8.55,20.21,8.35,0.15,2.1,13.56,0.6,1.23,2.08,3.26,3.02,0.82,1.95,77.8,1.78,0.53,1.45,2.1,FALSE
3/3/2021,1659.35,0,355.21,2656.64,2.29,4.21,31.87,14.59,4.26,10.67,808.44,10381.29,286.1,848.61,20.77,562.15,1328.83,1.89,20.33,439.56,4.32,1369.41,5402.05,75.85,1904.9,7.21,211.39,46.56,69.33,68.5,164.83,60.85,212.71,18.86,24.46,11.79,3.08,2.78,16.13,0.92,1.87,2.98,5.06,4.71,1.34,3.04,94.76,2.77,0.84,2.24,3.39,FALSE
3/4/2021,1410.41,0,355.21,2307.19,2.3,4.2,33.1,11.83,3.8,13.43,901.47,6921.41,263.23,877.09,19.07,177.56,1246.39,1.33,31.51,371.6,3.69,1003.3,3992.09,36.49,1250.16,30.05,203.52,36.3,57.12,82.42,167.23,46.69,13.38,13.29,14.87,12.1,2.21,1.37,8.5,0.6,1.11,1.76,3.14,2.51,0.64,1.97,69.9,1.62,0.52,1.39,1.97,FALSE
3/5/2021,317.02,0,284.17,1157.87,0.95,2.37,13.94,6.55,1.11,7.35,252.3,1359.99,37.46,492.08,9.55,70.32,776.2,0.36,8.53,137.31,0.87,430.01,1371.1,11.2,382.11,1.34,24.03,12.1,0,2.93,11.93,13.25,0,2.71,7.06,2.03,0,0.52,3.78,0.24,0.4,0.71,1.2,0.96,0.19,0.77,34.51,0.63,0.21,0.55,0.74,FALSE
3/6/2021,,,,,,,,,,,,,,,,,,,,,,,,,,,,,,,,,,,,,,,,,,,,,,,,,,,,FALSE
3/7/2021,,,,,,,,,,,,,,,,,,,,,,,,,,,,,,,,,,,,,,,,,,,,,,,,,,,,FALSE
3/8/2021,1568.4,0,355.21,3294.4,2.34,4.3,33.38,12.98,3.37,11.53,802.1,10123.41,262.65,867.89,21.16,539.59,1454.85,1.4,20.73,604.61,3.27,1176.47,4002.03,70.62,2063.86,30.63,198.24,48.47,37.06,67.18,149.77,64.83,82.31,12.66,14.74,23.15,0.55,2.92,7.37,0.75,1.54,2.54,4.29,3.6,1.08,2.59,89.04,2.28,0.75,1.87,2.86,FALSE
3/9/2021,1802.38,0.06,363.64,4216.4,2.78,4.22,39.38,12.51,3.95,9.65,882.09,6381.22,326.56,649.28,17.09,628.7,1370.42,1.93,25.8,714.24,4.49,1346.11,5575.23,70.02,1723.77,32.03,277.44,50.33,106.93,82.63,227.11,49.54,100.03,11.23,14.05,16.95,0.62,1.58,8.04,0.99,1.8,3.05,4.76,4.11,1.21,3.05,98.23,2.63,0.83,2.02,3.34,FALSE
3/10/2021,1781.51,0,284.17,2478.28,2.72,4.29,36.51,10.96,3.31,11.36,915.69,14353.78,247.6,653.9,15.78,800.93,1559.22,1.65,24.86,421.06,4.66,1351.84,4834.4,80.95,1864.86,7.53,237.63,48.9,83.27,78.56,188.73,58.99,127.02,12.89,16.14,20.57,0.88,1.82,10.6,1.12,2.14,3.61,5.77,4.97,1.49,3.56,103.65,3.05,0.95,2.52,3.88,FALSE
3/11/2021,1393.76,0,355.21,2466.83,1.89,4.46,25.22,13.3,2.93,12.25,794.77,22109.33,290.1,771.36,20.05,589.68,1677.11,1.22,21.53,635.8,3.06,1136.98,4752.24,40.95,1484.34,30.58,138.3,45.1,6.32,56.43,93.2,67.62,197.81,20.94,15.56,20.45,0.45,1.26,8.08,0.65,1.16,2.05,3.41,2.83,0.75,2.16,81.95,1.81,0.56,1.58,2.25,FALSE
3/12/2021,1667.02,0,284.17,4098.22,1.89,3.8,28.66,12.63,3.86,10.42,743.86,6899.57,416.25,772.08,20.66,588.98,1273.66,1.5,16.72,420.17,3.58,1257.85,4897.02,62.65,903.62,5.91,228.69,43.9,37.56,114.73,184.79,60.15,76.81,10.92,15.7,22.55,0.32,3.71,8.52,0.62,1.54,2.36,4.03,3.83,1.06,2.33,83.1,2.17,0.65,1.72,2.75,FALSE
3/13/2021,733.05,0,236.8,1432.41,1.3,3.14,22.2,8.42,2.26,11.33,333.63,1919.49,65.12,801.42,13.9,111.37,1024.27,0.83,12.14,222.89,1.88,707.33,2401.69,42.82,585.45,2.59,89,25.93,5.48,32.84,63.07,24.96,40.26,5.02,11.02,4.39,0,2.33,5.6,0.5,1.05,1.68,2.91,2.69,0.72,1.68,60.47,1.54,0.46,1.25,1.82,FALSE
3/14/2021,,,,,,,,,,,,,,,,,,,,,,,,,,,,,,,,,,,,,,,,,,,,,,,,,,,,FALSE
3/15/2021,1360.87,0.02,358.02,3602.16,1.77,3.87,27.45,11.84,2.8,10.24,614.52,9411.3,179.96,734.4,18.21,233.09,1252.83,1.14,18.05,574.51,2.38,940.28,3455.53,44.63,1999.83,29.75,211.58,33.21,21.83,126.5,178.37,34.27,211.6,9.79,11.95,8.22,0.12,0.89,6.37,0.66,1.21,2.04,3.38,2.95,0.79,2.11,76.79,1.79,0.54,1.46,2.18,FALSE
3/16/2021,1500.96,0,355.21,3233.18,1.46,3.26,21.63,9.63,1.83,9.45,446.65,7493.28,200.67,664.1,15.87,232.57,1250.61,0.8,21.27,238.18,2.18,654.29,2877.11,15.38,2743.41,2.49,161.17,44.61,0.09,56.61,116.56,64.9,81.97,3.68,9.8,25.24,0.25,0.83,4.93,0.34,0.56,1,1.69,1.33,0.28,1.08,102.73,0.89,0.29,0.77,1.05,FALSE
3/17/2021,1511.5,0.01,238.21,2095.65,1.91,3.33,32.35,10.25,3.6,15.43,547.98,8409.91,393.54,691.16,15.37,499.48,1119.87,1.31,22.27,360.49,3.5,1134.04,4446.98,60.07,888.83,6.66,206.05,47.15,36.61,92.98,158.9,49.63,77.65,8.61,12.05,16.3,0.67,2.43,6.07,0.74,1.94,2.86,4.93,4.9,1.34,2.68,92.16,2.73,0.76,2.11,3.21,FALSE
3/18/2021,1611.64,0.04,360.83,3705.86,1.89,3.89,25.18,11.3,2.36,11.23,583.06,11631.15,443.26,765.22,20.87,327.22,1667.36,1.44,23.97,372.98,2.45,1056.71,3738.94,36.59,2204.31,5.02,166.31,40.71,35.61,66.81,125.6,70.07,81.71,17.65,19.54,20.01,0.45,1.77,13.14,0.56,0.9,1.52,2.61,2.05,0.51,1.75,104.13,1.4,0.48,1.15,1.73,FALSE
3/19/2021,1207.31,0,284.17,1887.74,1.55,3.64,25.95,11.3,2.98,15.85,583.83,7024.48,119.42,768.83,16.04,312.96,1200.27,1.18,16.76,343.6,2.74,893.95,3978.5,41.24,578.52,4.29,127.04,39.98,11.26,53.34,87.06,60.1,21.55,21.37,13.94,13.34,0.04,1.96,8.77,0.59,1.27,1.98,3.4,3.08,0.8,2.02,68.95,1.8,0.55,1.42,2.18,FALSE
3/20/2021,1048.86,0,355.21,1788.12,1.53,2.95,22.29,8.81,1.88,7.67,432.7,2256.6,74.22,521.27,13.87,132.67,1309.83,1.04,14.32,247.43,3.15,820.99,2330.71,43.46,2381.53,4.43,118.42,30.86,33.26,36.97,87.56,37.54,95,5.75,11.02,12.7,0.07,0.85,6.89,0.61,1.12,1.91,3.23,2.72,0.75,2.01,77.24,1.65,0.52,1.34,2.04,FALSE
3/21/2021,973.78,0,355.21,1867.31,1.7,3.54,25.33,11.33,2.56,9.55,541.89,3102.52,240.83,639.99,18.49,323.04,1112.91,0.96,14.42,290.95,2.53,878.49,3378.61,32.87,1094.89,4.19,110.11,31.49,7.58,48.04,78.62,41.61,22.58,15.59,14.39,7.7,0.05,1.24,9.26,0.51,1.11,1.59,2.74,2.37,0.6,1.76,63.27,1.48,0.48,1.22,1.8,FALSE
3/22/2021,1685.33,0.04,360.83,2163.93,2.14,3.94,37.12,14.09,4.04,12.63,599.6,15020.56,118.07,868.68,20.78,186.42,1122.75,1.64,18.3,391.99,3.77,1179.77,4759.59,65.58,2091.86,8.55,192.1,38.18,67.88,60.81,153.92,72.33,113.11,26.5,21.34,17.83,2.99,3.17,13.05,0.83,1.74,2.72,4.67,4.4,1.26,2.69,89.27,2.53,0.66,2.02,3.07,FALSE
3/23/2021,1659.85,0.06,363.64,2608.11,2.27,4.65,33.87,13.87,3.8,14.73,808.32,24625.66,218.47,1028.93,21.02,458.16,1536.16,1.86,20.43,457.38,4.26,1266.16,5195.27,70.65,1666.29,6.09,212.36,43.55,54.45,89.98,168.81,62.37,238.82,20.77,18.9,16.92,3.17,2.88,10.75,0.94,1.65,2.83,4.75,4.21,1.16,2.91,90.64,2.64,0.79,2.2,3.13,FALSE
3/24/2021,1766.11,0.06,292.6,2250.88,2.42,3.69,36.55,12.86,4.18,11.06,738.5,37014.6,190.45,861.26,19.48,466.5,1173.92,2.07,19.87,489.16,7.23,1387.02,5095.87,84.32,1765.88,7.56,258.2,45.15,103.79,83.37,213.05,53.92,94.83,17.18,17.04,14.74,2.64,3.39,9.2,0.96,1.75,2.87,4.91,4.32,1.29,2.94,86.58,2.76,0.81,2.17,3.23,FALSE
3/25/2021,1211.44,0,355.21,2221.22,2,3.86,25.35,11.17,2.81,9.94,756.22,5591.24,309.91,702.38,18.85,242.42,1180.7,1.37,17.16,304.15,3.2,964.33,3543.13,44.11,1896.13,4.76,176.07,45.18,12.08,63.22,130.9,40.86,164.12,7.28,12.93,6,0.04,0.94,7.58,0.62,0.98,1.66,2.79,2.24,0.6,1.93,74.24,1.55,0.49,1.23,1.87,FALSE
3/26/2021,1392.6,0,355.21,2307.53,2.64,4.14,31.5,11.8,2.86,10.53,888.92,9349.79,258.88,675.69,19.46,214.06,1335.04,1.19,19.85,374.24,3.33,1108.27,4197.6,37.59,1157.44,6.97,198.18,35.97,33.33,49.08,162.21,42.26,51.82,10.71,14.9,10.02,0.52,1.48,9.14,0.5,1.02,1.65,2.84,2.36,0.6,1.69,80.3,1.47,0.47,1.26,1.89,FALSE
3/27/2021,1810.03,1.25,300.35,1907.67,1.66,3.45,23.75,11.5,2.74,9.04,724.66,15962.33,274.59,591.22,19.09,563.76,1245.54,1.24,20.01,361.9,3.99,1115.6,3623.13,65.74,1928.88,6.21,210.49,47.26,42.95,79.55,163.23,76.98,419.24,22.98,14.79,27.36,1.17,1.33,9.71,0.65,1.24,2.25,3.98,3.5,1.02,2.3,94.18,1.94,0.6,1.76,2.49,FALSE
3/28/2021,1602.19,0,284.17,2113.63,1.86,4.23,34.21,15.66,3.72,10.95,655.29,6078.24,241.6,653.16,17.12,407.46,1054.08,1.81,17.55,363.99,2.35,1396.7,4390.5,105.81,1844.75,10.18,168.23,35.73,82.03,30.55,132.5,64.3,645.96,24.64,18.12,15.13,4.71,1.38,11.69,1.12,2.04,3.15,5.82,5.78,1.82,3.37,103.64,3.2,0.98,2.66,3.7,FALSE
3/29/2021,803.23,0,355.21,1725.9,1.63,3.34,22.53,10.04,2.17,9.45,421.64,1954.05,81.39,664.1,15.26,136.32,1076.61,0.95,14.76,255.63,2.96,764.48,2442.52,31.55,900.35,3.19,110,28.11,24.21,37.36,81.89,24.3,0,5.53,12.18,3.65,0.04,0.84,7.18,0.46,0.78,1.25,2.16,1.6,0.4,1.42,56.25,1.1,0.38,0.93,1.35,FALSE
3/30/2021,1751.38,0.03,359.42,2435.57,2.4,3.93,37.1,13.66,4.03,9.41,876.61,3634.89,265.45,819.75,18.07,348.58,1204.89,1.52,23.73,483.63,4.61,1496.73,5353.23,86.26,1316.11,7.29,261.51,48.77,107.28,74.19,212.74,40.75,256.3,10.89,14.81,10.09,0.24,1.88,8.48,1.05,2.07,3.56,5.75,5.31,1.59,3.45,107.35,3.09,0.92,2.43,3.98,FALSE
3/31/2021,1383.22,0,284.17,1875.33,1.57,2.93,21.51,9.27,2.56,7.52,616.73,9387.34,106.21,522.28,15.2,433.55,1019.17,1.28,17.77,330.73,3.97,856.36,3789.38,31.48,1579.14,4.35,182.45,38.02,54.11,70.89,144.43,56.96,17.18,10.83,25.03,10.09,0.18,2.55,18.7,0.5,0.84,1.41,2.37,1.83,0.49,1.59,59.42,1.25,0.42,1.03,1.61,FALSE
4/1/2021,945.03,0,378.89,1700.96,1.78,3.11,24.26,10.36,2.12,9.48,540.31,1657.84,62.51,620.45,14.61,119.74,1039.7,1.05,15.77,275.16,2.26,907.09,2669.51,56.43,1026.84,4.27,108.65,26.38,58.02,5.19,82.27,31.03,107.16,6.65,17.07,4.88,0.07,1.69,11.28,0.6,1.04,1.98,3.51,3.06,0.82,2.13,69.84,1.69,0.54,1.48,2.22,FALSE
4/2/2021,,,,,,,,,,,,,,,,,,,,,,,,,,,,,,,,,,,,,,,,,,,,,,,,,,,,FALSE
4/3/2021,,,,,,,,,,,,,,,,,,,,,,,,,,,,,,,,,,,,,,,,,,,,,,,,,,,,FALSE
4/4/2021,,,,,,,,,,,,,,,,,,,,,,,,,,,,,,,,,,,,,,,,,,,,,,,,,,,,FALSE
4/5/2021,,,,,,,,,,,,,,,,,,,,,,,,,,,,,,,,,,,,,,,,,,,,,,,,,,,,FALSE
4/6/2021,1195.23,0,355.21,1997.44,1.52,3.23,22.02,11.4,2.53,7.65,652.61,11195.08,109.41,548.08,16.43,478.98,964.95,1.01,13.98,297.21,2.87,708.25,3577.3,14.74,1096.83,3.77,179.29,36,7.27,67.54,143.29,40.1,0,17.43,11.77,6.43,0,0.93,6.31,0.36,0.65,1.09,1.8,1.45,0.33,1.17,52.47,0.95,0.31,0.76,1.17,FALSE
4/7/2021,,,,,,,,,,,,,,,,,,,,,,,,,,,,,,,,,,,,,,,,,,,,,,,,,,,,FALSE
4/8/2021,1826.93,0,355.21,2432.91,2.05,4.06,26.83,12.8,3.33,9.93,822.07,34979.13,277.45,675.98,19.19,687.47,1681.77,1.55,25.11,408.38,4.44,1303.44,5052.79,33.48,1144.19,7.04,261.38,53.66,27.1,144.14,207.72,65.79,58.74,12.83,12.64,26.62,0.39,1.47,6.43,0.6,1.55,2.35,4.08,3.68,0.89,2.58,87.49,2.08,0.68,1.92,2.73,FALSE
4/9/2021,,,,,,,,,,,,,,,,,,,,,,,,,,,,,,,,,,,,,,,,,,,,,,,,,,,,FALSE
4/10/2021,,,,,,,,,,,,,,,,,,,,,,,,,,,,,,,,,,,,,,,,,,,,,,,,,,,,FALSE
4/11/2021,,,,,,,,,,,,,,,,,,,,,,,,,,,,,,,,,,,,,,,,,,,,,,,,,,,,FALSE
4/12/2021,2138.23,0,639.37,2833.1,2.71,5.24,37.43,15.47,3.18,11.51,873.45,10273.42,128.64,746.77,23.18,469.28,2247.77,1.48,27.84,495.48,5.22,1863.45,4709.95,124.17,2897.14,10.96,226.52,50.21,100.52,42.13,176.31,97.99,124.79,27.82,20.04,34.77,1.06,1.68,13.13,0.91,2.19,3.48,6.26,4.68,1.52,3.79,124.34,2.9,1.15,3.18,4.08,FALSE
4/13/2021,2164.98,0,284.17,3891.51,2.62,4.05,34.95,12.02,3.66,10.39,776.67,9544.87,349.08,535.62,17.18,658.12,1807.26,1.81,21.57,437.39,4.16,1588.83,5211.62,86.8,2914.29,11.98,277.49,44.19,90.51,107.27,233.3,82.94,129.03,24.63,17.35,28.65,3.42,2.28,10.57,0.93,2.25,3.75,6.12,4.87,1.6,3.62,105.82,3.23,1.11,2.88,4.2,FALSE
4/14/2021,957.15,0,284.17,1830.04,1.44,2.85,27.75,9.74,2.97,7.72,448.91,2559.89,261.07,522.92,12.15,94.05,908.83,0.99,12.88,304.25,3.09,794.93,3519.88,32.97,826.98,3.54,137.23,28.39,37.84,50.33,108.84,25.51,48.19,7.59,10.04,5.03,1.49,0.98,5.42,0.57,1.25,1.91,3.03,2.84,0.77,1.81,63.13,1.62,0.51,1.36,1.97,FALSE
4/15/2021,1272.77,0.06,363.64,2343.44,1.92,3.67,32.42,11.49,3.15,9.63,586.2,5927.27,256.7,662.13,19.29,474.03,1173.11,1.18,17.97,343.35,3.18,981.66,4035.46,38.84,850,4.64,160.02,36.62,16.85,77.78,123.4,48.43,82.64,17.99,13.03,13.07,0.37,1.51,7.25,0.66,1.38,2.29,3.52,3.23,0.88,2.14,76.94,1.97,0.6,1.54,2.37,FALSE
4/16/2021,,,,,,,,,,,,,,,,,,,,,,,,,,,,,,,,,,,,,,,,,,,,,,,,,,,,FALSE
4/17/2021,447.26,0,414.41,1594.44,1.43,3.32,21.45,9.97,1.66,9.6,376.08,1809.99,57.83,692.1,14.76,104.28,1022.71,0.46,12.61,187.08,1.13,602.45,1915.64,14,541.1,1.71,34.85,16.92,0,3.94,17.93,18.25,0,3.69,9.65,2.82,0,0.64,4.73,0.31,0.5,0.89,1.51,1.2,0.24,0.97,48.82,0.79,0.26,0.7,0.92,FALSE
4/18/2021,,,,,,,,,,,,,,,,,,,,,,,,,,,,,,,,,,,,,,,,,,,,,,,,,,,,FALSE
4/19/2021,2109.58,0.04,289.79,1939.28,3.59,4.87,26.9,10.5,2.73,8.01,486.71,3173.89,211.94,536.81,15.19,283.66,1602.07,1.16,25.63,300.26,3.43,908.03,3729.9,40.08,2714.21,5.03,349.38,55.14,57.22,132.07,294.24,56.95,86.81,11.4,11.47,20.18,1.42,1.29,6,0.6,1.19,1.98,3.21,2.68,0.78,1.97,80.39,1.69,0.54,1.41,2.16,FALSE
4/20/2021,1332.07,0.04,289.79,1261.97,2.03,3.29,17.11,7.69,1.68,6.04,311.38,1470.57,94.07,466.19,12.58,102.21,989.42,0.53,14.73,174.93,1.64,469.35,2456.56,13.61,1609.47,1.69,195.14,37.36,12.15,75.61,157.78,44.79,22.96,4.79,6.92,17.94,0.2,0.53,3.3,0.24,0.44,0.67,1.17,0.86,0.2,0.76,50.83,0.59,0.19,0.5,0.74,FALSE
4/21/2021,,,,,,,,,,,,,,,,,,,,,,,,,,,,,,,,,,,,,,,,,,,,,,,,,,,,FALSE
4/22/2021,,,,,,,,,,,,,,,,,,,,,,,,,,,,,,,,,,,,,,,,,,,,,,,,,,,,FALSE
4/23/2021,1922.03,0.04,431.87,2596.46,2.93,5.49,43.09,16.07,4.32,16.86,1009.97,14638.51,244.53,1264.91,26.26,557.02,1599.93,1.75,23.29,447.84,3.85,1414.85,4977.74,122.38,1298.08,6.5,221.19,43.75,58.13,85.56,177.44,78.41,103.47,20.38,21.69,23.61,0.7,4.92,11.76,1.12,2.14,3.49,6.02,5.3,1.51,3.55,111.6,3.22,0.98,2.44,3.88,FALSE
4/24/2021,1484.5,0,0,1818.53,2.22,3.66,29.97,10.83,3.71,13.3,750.44,20371.67,427.58,940.32,20.39,501.68,1466.32,1.64,19.85,426.3,5.62,1380.62,4188.05,88.79,1043.69,7.4,215.94,43.77,73.77,68.29,172.16,36.91,83.62,8.74,15.19,8.48,0.22,3.98,7.7,1.07,1.9,3.13,5.4,4.79,1.35,3.21,91.26,2.88,0.87,2.26,3.61,FALSE
4/25/2021,1700.25,0.01,1.41,1353.08,2.16,3.1,30.64,9.36,3.13,9.35,750.64,8354.06,271.9,720.08,19.12,380.35,1031.36,1.62,19.24,361.33,4.63,1057.18,3346.98,101.73,2068.07,6.3,191.41,37.25,75.11,53.24,154.16,76.26,70.07,25.02,25,15.41,0.15,3.77,17.95,0.83,1.62,2.6,4.45,3.66,1.11,2.64,84.4,2.35,0.73,1.76,2.84,FALSE
4/26/2021,1315.61,0,296.01,1818.7,1.86,3.18,24.21,9.88,2.67,9.23,758.01,11899.45,115.94,717.39,14.57,400.57,1145.76,1.2,17.96,349.54,2.79,966.22,3830.94,44.65,1527.69,4.52,199.71,54.9,32.03,49.1,144.81,26.98,40.26,6.24,14.24,4.04,0,2.54,4.52,0.57,1.33,2.22,3.87,3.43,0.86,2.34,83.85,1.92,0.58,1.48,2.57,FALSE
4/27/2021,1675.31,0,296.01,2408.39,2.22,3.91,24.11,9.85,2.5,10.58,1119.84,13412.96,194.62,641.82,16.42,542.73,1433.58,1.79,23.61,425.58,5.58,1123.34,4397.84,83.08,1136.14,6.98,244.28,47.5,58.43,108.37,196.78,58.21,6.99,6.1,13.11,23.29,0.11,1.27,8.29,0.79,1.28,2.15,3.68,2.54,0.69,2.39,77.5,1.95,0.7,1.54,2.42,FALSE
4/28/2021,1669.86,0.05,303.04,2147.85,2.26,4.09,24.26,9.7,2.37,11.4,1052.93,8527.07,104.65,661.62,17.56,373.03,1636.93,1.79,22.7,385.66,4.56,1283.31,3926.09,82.38,2229.65,8.01,208.32,42.73,50.22,74.26,165.58,68.61,87.99,12.57,17.63,22.78,0.62,1.61,12.33,0.83,1.44,2.53,4.26,2.97,0.94,2.71,85.28,2.27,0.85,1.98,2.89,FALSE
4/29/2021,926.58,0.04,360.83,1635.72,1.71,3.44,24.56,9.98,2.04,9.58,465.22,2543.3,72.68,689.35,14.01,111.28,1223.85,0.76,15.39,257.3,2.32,795.02,2456.49,41.66,1105.62,3.22,112.61,22.91,37.11,35.77,89.7,28.14,33.96,7.19,10.96,10.1,0.35,0.85,6.17,0.45,0.77,1.25,2.17,1.63,0.4,1.41,58.58,1.1,0.38,0.96,1.38,FALSE
4/30/2021,,,,,,,,,,,,,,,,,,,,,,,,,,,,,,,,,,,,,,,,,,,,,,,,,,,,FALSE
5/1/2021,,,,,,,,,,,,,,,,,,,,,,,,,,,,,,,,,,,,,,,,,,,,,,,,,,,,FALSE
5/2/2021,,,,,,,,,,,,,,,,,,,,,,,,,,,,,,,,,,,,,,,,,,,,,,,,,,,,FALSE
5/3/2021,2043.06,0,568.33,5250.58,2.23,5.51,28.85,11.72,3.56,12.25,794.3,17588.71,271.82,703.77,16.86,295.52,1610.24,2.09,20.44,488.97,9.27,1243.99,5555.42,51.77,3128.89,7.42,324.09,57.59,65.14,167.26,266.49,60.9,31.33,19.64,20.08,13.81,3.06,1.84,13.65,0.84,1.59,2.67,4.38,3.7,0.89,2.86,89.06,2.5,0.76,1.98,2.97,FALSE
5/4/2021,1375.37,0,568.49,3310.9,2.12,4,35.11,14.03,3.44,10.24,587.96,5126.73,152.48,842.55,20.83,165.84,1106.18,1.3,16.61,371.77,4.63,997.39,4465.46,53.92,2092.55,4.28,200.32,43.66,36.06,89.78,156.66,41.64,64.33,13.66,16.14,6.77,0.08,2.78,8.98,0.67,1.36,2.18,3.68,3.36,0.97,2.13,78.96,1.93,0.58,1.56,2.36,FALSE
5/5/2021,1322.39,0,312.82,3268.83,1.75,3.79,24.82,8.57,3.08,12.79,959.92,26686.16,213.82,834.45,17.77,1150.48,1632.52,1.7,23,534.21,8.42,1059.66,5253.83,55.83,1140.97,5.67,210.06,49,33.71,93.73,161.07,32.5,45.82,7.34,15.39,6.35,0.09,3.29,9.07,0.73,1.47,2.52,4.24,3.68,0.97,2.55,77.58,2.27,0.68,1.87,2.75,FALSE
5/6/2021,1376.07,0.03,373.63,2860.66,2.36,4.34,37.15,12.48,3.79,12.49,727.58,17934.94,334.3,979.33,20.51,411.9,1251.3,1.69,18.06,439.15,6.11,1314.2,4591.13,93.76,982.42,6.16,194.14,44.98,76.67,48.13,149.15,35.48,97.73,8.84,14.05,8.82,0.15,4.23,6.45,0.93,1.86,2.97,5.13,4.67,1.39,2.94,92.45,2.8,0.83,2.2,3.37,FALSE
5/7/2021,1518.47,0,142.08,2188.07,2.83,4.47,39.44,13.54,4.19,13.26,1077.91,18481.25,332.39,1047.58,28.13,969.78,1588.9,1.66,30.83,492.84,4.49,1398.58,5123.82,76.33,1476.35,6.44,214.3,46.62,70.53,66.28,167.68,42,68.73,10.67,18.86,7.23,0.13,3.86,10.03,0.85,1.71,2.79,4.87,4.26,1.23,2.8,97.94,2.56,0.77,2.01,3.15,FALSE
5/8/2021,1750.92,0,319.69,1856.13,2.04,3.89,32.68,11.5,3.21,12.68,592.63,10812.09,93.16,772.13,20.07,376.43,1659.19,3.75,18.83,559.48,3.91,1286.58,3555.48,174.46,3477.9,14.18,168.4,33.63,21.67,40.12,134.77,81.65,324.19,26.58,24.58,22.73,4.91,4.1,11.59,0.84,1.77,2.94,5,4.98,1.44,2.72,102.19,2.74,0.77,2.17,3.17,FALSE
5/9/2021,1883.76,0.15,242.4,1909.42,1.8,2.95,23.59,9.24,2.54,6.33,715.61,9746.29,315.93,451.65,17.04,448.64,977.83,1.46,20.34,362.33,4.71,842.09,3473.17,53.43,2297.79,5.75,295.4,41.2,100.42,98.49,254.21,61.4,45.16,13.53,11.54,18.82,2.28,0.92,7.23,0.55,0.84,1.38,2.41,1.65,0.51,1.55,62.09,1.23,0.4,1.05,1.65,FALSE
5/10/2021,1419.34,0,307.85,1553.45,1.8,3.14,33.51,11.03,3.5,9.26,475.05,15071.59,111.43,906.67,18.68,198.9,711.86,0.96,16.32,286.58,2.33,938.69,3420.91,94.69,943.15,4.8,204.15,30.43,25.88,77.2,173.72,40.78,125.7,7.67,13.87,9.86,0.05,4.67,6.22,0.68,1.56,2.33,4.11,4.2,1.31,2.19,79.47,2.25,0.61,1.71,2.66,FALSE
5/11/2021,1940.98,0,402.57,2201.67,2.24,3.97,27.1,11.45,2.85,9.66,814.26,15318.53,296.29,766.23,17.46,294.81,1724.54,1.4,23.47,421.16,3.9,1146.46,4447.72,42.97,1802.54,5.54,269.78,51.95,73.93,110.14,217.83,66.26,54.46,8.25,22.29,17.25,0.07,2.62,14.97,0.64,1.22,1.88,3.41,2.55,0.67,2.21,88.55,1.63,0.54,1.34,2.16,FALSE
5/12/2021,2050.94,0.15,360.81,2185.76,2.08,3.63,34.13,12.82,3.72,10.99,563.7,25092.46,131.23,865.5,17.85,315.84,1304.95,1.87,20.75,392.06,4.51,1051.31,4637.02,89.45,2682.16,5.7,276.06,42.72,96.21,66.58,233.34,75.93,96.15,25.11,18.69,19.18,7.31,3.15,6.71,0.72,1.45,2.35,4.06,3.7,1.1,2.36,86.34,2.13,0.65,1.79,2.69,FALSE
5/13/2021,1526.13,0,378.89,2198.32,2.22,3.94,38.77,13.63,3.62,11.41,479.13,4095.22,164.78,998.71,21.85,368.7,1047.9,1.45,16.54,332.94,3.83,1101.41,3811.34,75.88,1883.28,4.45,193.63,35.82,57.52,64.31,157.81,55.66,80.51,14.57,20.27,12.52,2.35,4.71,10.65,0.69,1.54,2.5,4.31,4.13,1.23,2.39,85.14,2.3,0.66,1.86,2.82,FALSE
5/14/2021,2010.99,14.01,288.36,2663.66,2.57,4.22,36.57,13.85,4.26,12.44,1012.37,11841.21,284.89,856.18,23.29,463.76,1928.07,3.66,23.91,730.37,7.16,1553.28,5192.63,117.39,2055.96,15.14,218.75,51.14,39.52,92.32,167.61,82.77,91.18,18.94,39.44,16.31,1.63,8.41,28.9,0.91,1.82,2.88,5.04,4.22,1.31,2.95,103.31,2.65,0.81,2.12,3.25,FALSE
5/15/2021,1873.47,0.15,204.52,2318.73,2.38,4.68,30.35,13.19,3.81,16.02,828.87,13245.46,232.44,912.65,26.04,386.99,2404.17,3.57,22.29,736.97,6.36,1475.79,4275.69,148.78,2021.52,18.33,233.74,45.6,65.67,96.79,188.14,67.83,276.86,22.06,16.97,19.54,2.81,3.19,12.8,1,1.74,3.04,5.16,4.29,1.27,3.18,107.95,2.72,0.85,2.29,3.4,FALSE
5/16/2021,1884.24,0.07,5.2,1550.16,2.41,3.38,29.74,10.16,3.7,12.96,975.9,16835.62,489.78,758.18,22.69,740.75,2223.86,3.26,23.96,619.95,5.76,1745.79,4507.76,155.71,2009.81,17,246.64,45.42,78.57,87.15,201.22,62.18,155.2,18.59,16.73,19.36,1.93,4.02,11.13,0.97,2.07,3.54,5.94,4.83,1.62,3.47,109.17,3.23,1.12,2.68,4.11,FALSE
5/17/2021,2048.34,0,284.17,2302.04,2.09,3.81,32.38,11.73,3.39,12.47,770.48,9022.02,196.77,902.33,17.55,117.28,1757.34,1.76,20.5,470.41,6.02,1588.66,4806.81,107.02,1630.24,9.21,259.57,41.68,68.33,111.11,217.89,74.12,130.87,14.92,19.35,27.77,0.47,3.55,11.97,0.99,2.28,3.45,6.25,5.7,1.68,3.56,105.74,3,0.98,2.98,4.06,FALSE
5/18/2021,1828.59,8.9,355.21,2678.11,1.8,4.19,23.6,12.21,2.89,10.71,666.56,13235.35,151.08,698.92,19.13,451.36,1704.63,1.26,18.16,437.1,3.98,1462.65,4484.68,73.86,1517.36,8.06,229.4,44.02,53.79,102.63,185.38,67.35,398.73,21.71,17.81,20.75,0.5,1.48,12.38,0.81,1.7,2.71,4.81,4.21,1.21,2.91,86.93,2.33,0.75,2.37,3.17,FALSE
5/19/2021,1965.48,0,284.17,2365.2,2.03,3.83,31.74,13.16,4.19,10.46,766.04,56538.69,363.2,555.84,22.7,535.56,1268.92,2,21.06,474.57,5.72,1345.8,5831.02,68.54,1431.7,9.7,241.09,53.44,53.51,96.39,187.65,87.71,111.51,30.55,26.87,18.15,0.23,3.12,20.03,0.86,1.87,2.87,4.97,4.57,1.26,2.97,89.31,2.75,0.84,2.1,3.23,FALSE
5/20/2021,1693.98,0,449.93,2279.69,2.13,3.84,42.67,13.37,3.14,19.32,489.92,4723.61,79.93,873.01,16.12,117.73,1092.5,0.91,20.34,318.08,2.63,1142.91,3419.9,108.44,4016.32,5.86,219.78,31.1,92.85,61.24,188.68,43.63,168.84,9.49,16.69,9.75,0.17,2.7,8.35,1.07,2.29,3.68,6.3,6.04,1.91,3.44,116.71,3.31,0.93,2.7,4.01,FALSE
5/21/2021,1358.38,0,485.45,1821.84,1.02,2.17,11.97,6.76,1.07,2.88,566.73,7257.04,42.48,274.06,11.96,268.27,798.34,0.96,13.73,229.96,2.95,545.73,2716.86,17.2,2382.39,3.56,154.14,30.18,14.28,82.87,123.96,52.69,16.69,10.06,23.81,9.22,0.75,3.81,18.12,0.27,0.47,0.86,1.48,0.94,0.3,0.92,88.79,0.75,0.24,0.64,1,FALSE
5/22/2021,1668,0.48,295.41,1900.02,2.17,3.48,22.24,9.96,2.25,8.74,624.73,10813.29,252.07,590.29,15.11,297.89,1221.03,1.29,19.85,387.89,5.56,1169.03,3487.36,63.05,2704.68,6.97,226.95,39.26,62.87,98.52,187.69,63.45,151.26,14.05,15.1,17.45,1.4,2.85,8.74,0.93,1.14,2.11,3.51,2.75,0.76,2.25,73.05,1.78,0.62,1.54,2.36,FALSE
5/23/2021,1558.48,0.06,197.88,2367.1,2.03,4.15,24.04,10.14,3.39,13.27,823.47,16875.2,459.58,771.97,28.68,729.91,1880.42,1.67,22.08,951.19,5.52,1251.27,4862.53,57.2,1704.96,56.65,235.18,48.65,36.48,92.85,186.53,46.33,54.6,10.82,15,15.71,0.46,1.94,8.96,0.81,1.49,2.5,4.14,3.32,0.81,2.65,84.07,2.17,0.75,1.84,2.76,FALSE
5/24/2021,1347.06,0,390.73,2057.9,1.84,3.45,24.44,11.07,2.53,7.95,768.49,22254.21,178.46,604.08,17.29,556.57,1170.33,1.03,19.05,351.23,3.82,906.86,3514.45,32.88,1147.62,4.23,188.27,45.55,49.32,61.4,142.72,52.4,0,8.18,14.77,16.74,0.05,1.2,9.33,0.41,0.76,1.2,2.05,1.53,0.37,1.37,68.25,1.06,0.35,0.88,1.31,FALSE
5/25/2021,1758.91,0,521.05,2624.22,1.6,3.52,22.23,10.34,2.3,9.3,458.56,2816.96,184.37,636.1,14.9,136.16,1461.15,1.05,19.69,296.69,4.46,770.9,3379.83,30.87,2006.74,3.37,285.67,49.34,23.75,65.8,236.32,42.52,30,4.88,11.36,12.17,0.03,0.93,6.59,0.45,0.79,1.22,2.13,1.57,0.38,1.39,80.67,1.08,0.37,0.92,1.34,FALSE
5/26/2021,842.51,0,284.17,1478.39,1.27,2.71,19.24,9.43,2.23,6.45,528.26,7484.96,95.62,456.07,14.51,415.79,825.17,0.89,12.54,277.07,2.86,599.33,3009.87,24.49,539.13,3.27,112.73,34.89,19.72,35.81,77.84,35.06,0,16,9.59,5.45,0,0.81,5.88,0.35,0.63,0.98,1.7,1.26,0.32,1.1,42.57,0.85,0.29,0.71,1.1,FALSE
5/27/2021,2056.03,0,284.17,1984.47,1.72,3.78,21.54,9.22,2.36,12.09,655.68,18311,234.23,701.15,25.28,396.21,1700.23,1.06,21.99,354.85,3.38,923.82,4062.34,38.53,3142.39,4.57,263.97,46.79,53.85,69.13,217.18,80.94,60.28,10.71,15.78,22.3,0.24,1.36,11.12,0.59,0.99,1.64,2.8,2.17,0.5,1.82,100.33,1.5,0.48,1.25,1.78,FALSE
5/28/2021,1268.36,0,355.21,1851.93,1.77,3.36,24.81,10.89,2.5,8.77,482.93,2773.96,103.79,633.41,16.73,139.88,1146.1,0.88,17.09,282.59,2.78,863.28,3000.94,32.85,1630.83,4.01,181.32,34.83,52.54,58.28,146.48,40.44,44.5,9.31,12.63,11.76,0.14,1,7.53,0.44,0.86,1.38,2.43,1.75,0.48,1.53,73.86,1.19,0.4,1.06,1.57,FALSE
5/29/2021,1479.8,0,355.21,2510.5,1.49,3.89,21.69,9.74,2.55,12.84,451.01,8722.65,150.72,671.47,14.36,175.31,2290.16,1.37,15.59,373.84,2.73,1610.71,3889.07,79.62,2000.66,8.79,136.14,32.34,7.51,67.13,103.8,69.42,289.75,16.12,11.75,34.29,1.01,1.34,6.47,0.85,2.55,3.82,7.18,7.21,1.9,4.07,108.85,3.27,1.09,3.73,4.44,FALSE
5/30/2021,1901.71,0,0,1487.6,2.15,3.44,30.45,9.8,3.5,15.24,586.22,7225.32,171.02,936.62,17.94,278.99,1881.67,2.91,19.3,538.73,5.09,1325.56,3680.03,140.07,1833.03,13.11,234.75,43.06,94.14,68.77,191.69,72.99,97.57,18.77,18.14,23.57,3.52,4.52,12.48,1,1.99,3.22,5.55,5.01,1.51,3.27,105.01,2.93,0.92,2.43,3.61,FALSE
5/31/2021,1212.99,0,378.89,2035.26,1.98,3.65,26.92,11.02,2.5,9.63,576.98,5109.37,239.29,700.67,17.58,405.72,1315.91,0.97,16.76,321.77,4.04,1020.23,3003.04,35.56,1040.91,4.57,150.01,34.08,52.51,38.76,115.92,45.3,16.8,7.43,12.32,9.38,0.46,1.26,6.88,0.47,0.93,1.54,2.64,1.99,0.54,1.68,70.22,1.36,0.45,1.17,1.78,FALSE
6/1/2021,1668.39,0,516.23,3570.5,2.29,4.81,35.04,14.13,3.81,11.97,890.14,21150.64,300.47,946.07,21.87,713.38,1333.27,1.7,24.16,423.76,5.57,1206.49,5512.34,60.22,668.38,5.89,194.43,56.4,5.08,90.38,138.02,80.85,60.38,13.78,19.65,28.58,0,4.86,10.56,0.68,1.53,2.48,4.14,3.9,1.07,2.42,92.32,2.28,0.66,1.73,2.74,FALSE
6/2/2021,1462.33,0,284.17,2319.68,2.25,4,33.23,12.14,3.62,12.13,841.52,6993.64,294.97,953.23,21.15,524.15,1298.81,1.79,21.6,501.06,4.5,1559.93,4931.64,89.49,1373.25,7.99,188.87,43.73,56.99,61.13,145.14,48,91.15,10.53,18.14,11.98,0.14,4.77,9.98,0.87,1.93,3.14,5.27,4.99,1.53,3.03,98.64,2.86,0.9,2.23,3.54,FALSE
6/3/2021,1861.88,0,499.7,2868.17,2.59,4.72,37.68,13.76,3.45,13,796.53,9021.27,132.6,949.49,21.69,221.05,1773.23,1.5,21.51,384.46,4.6,1634.04,4470.03,112.01,2985.84,8.24,221.59,35.77,69.95,78.57,185.82,72.65,171.92,18.25,25.02,20.25,1.58,4.6,15.37,0.89,2,3.46,5.95,4.77,1.62,3.42,105.23,3.06,1.09,2.79,3.95,FALSE
6/4/2021,1906.21,0,445.73,2413.9,2.51,4.54,29.87,13.2,3.09,9.75,1037.25,3550.41,225.65,643.51,21.13,267.92,1586.75,1.99,24.91,539.71,5.75,1606.91,4518.9,62.42,2986.33,9.49,256.6,45.12,93.09,92.76,211.48,68.49,44.46,17.82,20.13,23.92,1.06,2.02,13.13,0.79,1.52,2.56,4.33,3.03,1.03,2.79,89.79,2.23,0.88,1.99,2.98,FALSE
6/5/2021,,,,,,,,,,,,,,,,,,,,,,,,,,,,,,,,,,,,,,,,,,,,,,,,,,,,FALSE
6/6/2021,1256.96,0,397.83,3193.95,2.33,5.13,33.32,14.07,3.47,13.35,786.55,12357.59,295.41,952.14,25.21,534.28,1719.38,1.36,22.82,398.31,6,1065.02,4352.24,25.76,1817.95,4.62,186.55,47.11,9.9,94.74,139.44,35.96,0,9.48,16.16,5.74,0.02,1.43,8.67,0.55,1,1.64,2.76,2.18,0.48,1.79,81.16,1.47,0.48,1.21,1.75,FALSE
6/7/2021,1803.56,0,355.21,2341.07,2.44,4.54,36.04,13.93,3.14,12.51,742.7,6671.82,156.31,860.21,21.25,215.28,2122.71,1.36,24.05,402.71,4.19,1490.44,4323.95,73.18,2053.43,7.57,198.79,50.03,58.33,54.51,148.75,74.76,82.48,21.91,16.4,31.52,0.75,1.44,9.71,0.74,1.62,2.52,4.54,3.7,0.97,2.82,98.52,2.16,0.75,2.06,2.95,FALSE
6/8/2021,1608.78,0.17,142.08,2558.55,2.37,4.13,27.25,13.66,4.18,11.85,1371.49,23421.49,590.34,764.14,36.92,1341.01,2752.35,2.56,30.46,788.02,6.77,1720.76,6162.85,77.22,1934.32,14.38,230.39,71.81,25.48,85.81,158.58,57.11,7.5,8.34,12.65,18.86,0.03,2.14,8.08,0.68,1.29,2.11,3.42,2.79,0.69,2.3,94.72,1.94,0.65,1.45,2.42,FALSE
6/9/2021,1812.21,0.14,312.58,3407.29,2.57,4.81,42.5,12.62,4.19,12.78,943.9,10941.21,382.51,878.36,29.96,732.53,2123.42,1.33,29.68,429.12,7.58,1261.96,4531.45,66.66,1837.33,6.08,262.2,55.54,58.87,59.63,206.66,47.95,22,8.02,14.57,20.05,0.3,1.7,7.92,0.65,1.17,1.92,3.25,2.5,0.65,2.12,96.06,1.71,0.59,1.39,2.22,FALSE
6/10/2021,2047.8,0,0,1746.16,2.4,4.15,32.22,12.16,3.9,13.67,898.89,16602.66,295.94,905.38,25.08,560.47,2094.98,1.83,27.82,535.24,6.23,1535.06,4830.97,64.5,2227.45,7.89,278.95,62.91,79.81,86.21,216.03,81.38,45.32,18.62,23.34,24.85,0.39,1.87,15.52,0.76,1.61,2.44,4.34,3.42,0.88,2.78,101.58,2.13,0.74,1.92,2.77,FALSE
6/11/2021,1591.16,0,757.77,3870.04,3.03,6.67,38.17,18.38,4.48,18.98,1185.77,13042.64,471.17,1210.22,27.14,753.28,2347.22,1.85,31.7,626.27,5.9,1558.42,6447.89,46.9,1686.18,7.07,225.4,77.09,40.62,61.77,148.32,49.28,0,7.38,19.74,13.46,0,2.3,10.61,0.9,1.76,2.9,4.95,3.9,0.83,3.22,113.37,2.52,0.85,2.03,3.28,FALSE
6/12/2021,2156.22,0.03,21.74,1639.38,2.28,3.09,30.04,10.7,3.69,7.44,1020.94,10609.23,513.1,505.01,23.98,882.96,1293.21,2.95,26.1,672.73,8.65,1714.14,5357.41,57.53,1080.14,10.57,313.99,65.99,91.2,121.74,248,77.72,2.86,26.44,24.49,21.15,0.04,2.31,17.78,0.82,1.64,2.73,4.56,3.27,0.91,3.04,89.46,2.35,0.82,1.87,3.33,FALSE
6/13/2021,1171.42,0,426.25,2434.46,1.99,4.05,25.32,11.87,2.64,11.63,740.03,4419.37,208.67,740.69,15.33,293.14,1406.81,1.11,27.58,359.6,4.37,1156.52,3565.99,59.93,1337.27,5.72,142.62,39.03,32.24,44.42,103.59,46.07,194.9,11.57,14.54,13.32,0.05,1.37,9.19,0.87,1.49,2.34,3.96,3.39,0.93,2.44,78.78,2.08,0.66,1.76,2.61,FALSE
6/14/2021,1793.66,0.12,335.05,1988.33,1.48,2.73,21.04,9.35,2.37,6.37,388.16,14396.83,131.53,839.55,13.38,146.95,879.94,1.09,14.24,278.24,3.55,693.83,3709.39,31.39,1609.78,3.71,264.06,34,42.12,162.3,230.06,53.36,70.66,19.18,14.79,14,1.89,0.71,4.24,0.41,0.63,0.98,1.68,1.26,0.31,1.11,92.01,0.94,0.3,0.75,1.12,FALSE
6/15/2021,1818.02,0.03,502.02,3722.01,1.97,4.46,24.8,13.34,3.18,7.58,616.14,27857.91,237.57,519.47,27.59,209.8,1300.9,1.66,18.91,912.57,7.46,1243.65,4670.39,57.43,1807.62,57.44,241.69,53.78,54.92,99.81,187.91,76.81,209.31,23.65,16.52,25.34,0.53,1.13,11.66,0.68,1.28,2.13,3.67,2.98,0.89,2.36,77.08,1.91,0.64,1.61,2.52,FALSE
6/16/2021,1819.45,0.03,449.93,2908.62,2.89,4.58,43.34,17.33,4.47,9.57,1108.09,39318.92,334.41,798.98,23.16,482.99,1295.36,2.1,25.93,556.51,7.07,1626.04,6159.69,73.01,876.72,8.84,265.32,60.44,82.93,87.38,204.88,51.61,57.56,16.43,14.51,13.21,0.06,1.79,7.99,0.97,2.02,3.28,5.38,4.85,1.34,3.31,106.12,2.96,0.9,2.27,3.71,FALSE
6/17/2021,1601.97,0,426.25,2851.29,2.04,4.3,28.44,12.83,3.47,12.38,911.91,18891.43,412.83,770.14,22.64,422.69,1664.74,1.65,23.44,459.63,4.48,1297.45,5053.17,41.6,2461.2,6.98,234.64,59.16,84.3,58.27,175.48,49.98,0,9.67,17.75,12.31,0.04,1.5,11.94,0.73,1.3,2.09,3.54,2.92,0.61,2.37,92.66,1.89,0.58,1.5,2.34,FALSE
6/18/2021,1565.17,0,539.91,3389.92,2.01,4.71,27.03,13.67,2.86,10.95,980.55,14815.97,322.63,724.12,21.31,589.14,1614.77,1.4,21.81,400.37,5.13,1079.05,4703.35,23.48,1305.99,5.7,160.33,54.44,13.49,31.21,105.89,77.88,30,17.61,13.89,21.34,0,1.33,8.28,0.6,1.1,1.84,3.06,2.68,0.52,2.04,91.93,1.65,0.52,1.33,2.03,FALSE
6/19/2021,1498.87,0,426.25,2558.25,1.89,3.9,24.27,11.51,3.11,9.58,702.24,9083.62,398.21,594.36,18.16,403.04,1672.98,1.69,17.85,915.55,5.23,1411.35,4203.2,44.47,1639.37,57.71,165.86,46.69,43.37,49.09,119.17,72.41,70.49,13.58,24.62,24.89,0.51,3.65,17.1,0.69,1.75,2.56,4.67,3.96,1.08,2.87,82.86,2.25,0.77,2.25,3.09,FALSE
6/20/2021,1653.24,0,426.25,2835.4,2.13,5.16,31.81,13.83,3.39,14.71,868.47,14471.22,380.58,911.05,23.56,907.91,2591.31,1.61,22.1,478.98,4.58,1778.68,5358.57,61.91,2555.02,9.4,129.2,53.57,0.92,41.67,75.63,94.01,154.43,29.96,17.71,35.97,0.93,2.95,9.8,0.85,2.55,3.82,6.81,6.4,1.61,4,112.18,3.3,1.07,3.4,4.47,FALSE
6/21/2021,1623.34,0,511.5,4588.12,2.32,4.41,28.77,11.82,3.76,8.18,1026.44,18004.92,503.11,460.99,19.26,906.85,1230.06,2.28,24.32,554.56,8.91,1510.8,6196.01,86.78,1353.06,9,229.09,67.89,40.41,82.87,161.2,48.87,274.04,10.42,11.69,14.46,0,1.89,5.99,0.9,1.87,3.27,5.62,5.54,1.55,3.31,113.92,2.88,0.88,2.3,3.55,FALSE
6/22/2021,1871.42,0,449.93,4419.88,2.66,4.87,34.82,12.28,3.31,11.43,1076.58,23378.19,277.95,682.75,32.12,937.97,2244.07,1.59,26.14,538.77,5.54,1558.53,4842.42,71.97,2313.31,9.8,248.07,42.54,89.92,83.83,205.52,64.17,107.34,16.43,17.16,23.04,0.88,1.62,10.9,0.91,2.04,3.17,5.72,4.56,1.33,3.41,103.71,2.72,0.89,2.6,3.66,FALSE
6/23/2021,1532.15,0,497.29,3594.81,2.07,4.03,31.77,11.79,3.33,8.6,665.38,13653.01,236.4,558.93,16.96,566.46,1278.19,1.4,20.13,504.42,6.6,1072.9,5365.24,38.48,1924.41,5.36,212.26,49.37,74.78,63.77,162.89,40.23,92.66,11.17,13.51,8.51,0.07,1.25,8.92,0.75,1.38,2.33,3.69,3.18,0.92,2.26,106.93,1.96,0.63,1.64,2.4,FALSE
6/24/2021,2052.52,0,473.61,4536.27,2.68,4.11,38.97,13.54,3,9.99,707.59,10443.86,319.57,649.35,18.51,111.91,1585.77,1.73,24.63,418.02,3.88,1036.74,3129.83,88.63,2010.33,8.9,263.73,40.61,100.36,82.51,223.12,69.07,122.32,7.8,9.89,21.42,0.55,0.89,5.72,0.85,1.46,2.45,4.05,3.2,1.06,2.49,111.16,2.03,0.63,1.74,2.65,FALSE
6/25/2021,1655.78,0,497.29,2172.17,1.85,4.08,28.93,13.98,2.98,9.54,542.59,4345.14,113.8,913.69,25.53,160.58,1385.51,0.97,19.64,399.52,2.22,1201.68,3700.6,59.76,1559.04,4.88,177.68,34.74,41.04,26.84,142.93,74.77,60.56,29.2,22.19,13.38,0.25,2.15,15.28,0.58,1.39,2.12,3.79,3.48,0.95,2.19,89.71,1.9,0.58,1.61,2.39,FALSE
6/26/2021,1985.44,0.71,331.53,1842.21,2.05,3.36,24.57,12.04,2.8,6.91,560.58,36355.83,175.8,480.84,21.28,129.78,1418.08,1.83,21.64,453.29,7.2,1461.92,4450.25,57.24,1551.09,9.32,219.42,43.21,54.78,90.97,176.21,83.5,227.31,19.41,16.64,23.56,0.84,1.14,11.98,0.83,1.27,2.23,3.97,2.91,0.93,2.36,113.4,2.08,0.81,1.67,2.65,FALSE
6/27/2021,820.35,0,331.53,1482.32,1.32,2.97,19.59,8.35,1.5,6.41,331.42,1590.48,112.97,496.28,22.06,108.05,1021.92,0.91,12.35,298.15,3.14,839.05,2142.76,24.11,994.79,3.68,90.57,24.83,16.59,33.99,65.74,37.78,45.78,14.91,14.01,5.77,0.1,0.9,10.01,0.39,0.69,1.13,2.02,1.35,0.36,1.34,48.47,0.98,0.33,0.82,1.28,FALSE
6/28/2021,1475.2,0,473.61,2453.89,1.95,4,43.15,14.37,3.81,11.02,692.33,6309.05,318.96,1747.79,23.2,579.01,1191.81,1.31,18.82,362.04,2.9,1481.12,4707.28,146.69,1520.23,5.87,140.91,43.27,7.93,53.88,97.65,64.13,311.59,11.35,12.01,21.49,0.25,3.09,4.38,0.82,2.1,3.24,5.62,5.71,1.66,3.08,119.77,3.03,0.87,2.38,3.79,FALSE
6/29/2021,2110.41,0,355.21,2275.4,1.99,4.64,32.35,14.75,3.16,41.4,599.52,7702.73,320.41,925.54,22.94,181.77,1281.93,6.17,28.51,411.94,4,1677.11,4241.97,296.31,1924.4,39.13,200.86,45.27,32.56,92.37,155.59,95.98,678.26,25.43,23.56,19.6,0.28,5.05,14.55,1.31,2.42,4.38,7.45,7.28,2.21,4.08,130.38,4.09,1.14,3.28,4.76,FALSE
6/30/2021,2220.68,0.1,553.98,3797.18,2.68,5.75,38.19,15.72,4.55,16.7,843.21,9066.54,203.39,1079.48,25.65,365.81,2122.84,2.66,26.5,675.22,6.99,1493.7,6086.37,79.88,3174.05,10.68,289.55,53.19,98.09,107.3,236.36,86.79,87.6,23.87,22.73,28.84,3.41,2.81,14.87,0.83,1.56,2.54,4.29,3.72,0.95,2.67,107.2,2.31,0.76,1.95,2.82,FALSE
7/1/2021,1020.76,0,236.8,1512.23,1.4,1.91,19.93,8.84,2.56,3.75,285.67,1668.73,86.38,605.92,11.29,130.9,465.49,0.96,9.13,234.89,1.67,734.87,2930.54,52.87,1260.51,2.6,142.98,24.96,59.77,40.82,118.02,31.02,53.53,12.87,8.69,7.09,4.35,1.41,3.21,0.46,1.04,1.7,2.91,3.02,0.91,1.59,55.51,1.59,0.46,1.29,1.97,FALSE
7/2/2021,1487.39,0.02,429.06,3501.05,1.8,3.95,32.19,12.08,3.16,11.88,480.35,5271.75,122.09,997.78,18.53,341.75,1174.75,1.16,16.45,300.85,2.19,940.25,3655.28,69.16,752.67,3.43,200.1,31.15,9.32,56.94,168.95,43.27,91.99,7.56,12.92,12.87,0.1,3.97,5.22,0.64,1.52,2.31,3.99,3.95,1.12,2.21,91.6,2.14,0.61,1.69,2.54,FALSE
7/3/2021,1527.71,0,284.17,1692.66,1.8,3.81,32.96,11.65,3.21,13.26,442.77,6860.19,315.65,1017.83,21.15,172.52,1111.55,1.18,15.62,286.59,2.05,1132.91,3480.12,98.32,1607.21,5.23,129.82,27.44,17.38,29.94,102.38,65.46,306.05,21.69,18.77,15.33,0.06,4.11,11.28,0.91,1.96,3.12,5.36,5.29,1.6,2.94,117.86,2.88,0.81,2.36,3.42,FALSE
7/5/2021,,,,,,,,,,,,,,,,,,,,,,,,,,,,,,,,,,,,,,,,,,,,,,,,,,,,FALSE
7/6/2021,1799.69,0.02,525.71,3453.47,2.1,4.49,24.25,10.67,2.58,9.94,881.69,9398.46,347.75,646.65,19.18,258.13,1757.14,1.51,20.57,414.17,6.76,1326.98,3984.94,43.73,2062.83,7.26,197.73,40.42,54.08,73.94,157.31,72.76,84.27,16.97,20.16,23.93,0.38,1.67,14.15,0.7,1.43,2.14,4,3.48,0.8,2.54,113.31,1.93,0.7,1.86,2.38,FALSE
7/7/2021,1412.85,0,554.24,3034.81,1.95,3.28,23.82,10.15,2.56,6.18,522.91,3403.86,92.13,474.78,13.91,149.73,794.66,1.3,14.99,309.59,5.5,805.26,3594.47,51.8,1242.29,4.14,238.73,32.89,79.97,105.43,205.84,38.14,32.3,10.55,17.53,6.83,1.37,1.52,12.03,0.51,0.81,1.26,2.18,1.57,0.45,1.49,53.74,1.12,0.41,0.98,1.45,FALSE
7/8/2021,1860.02,0,582.54,4089.1,1.76,4.15,27.44,11.73,3.22,6.77,468.96,4904.59,131.82,478.11,15.49,194.53,1350.81,1.36,13.63,593.57,6.19,1149.46,4471.38,38.53,1703.76,31.33,232.97,42.59,50.89,106.72,190.38,79.13,106.33,22.41,17.08,29.83,2.07,1.84,11.17,0.55,1.63,2.36,4.19,4.09,1.1,2.45,79.57,1.99,0.67,2.15,2.8,FALSE
7/9/2021,1544.39,0,432.49,2624.3,1.81,4.07,25.69,13.06,3.09,10.09,797.85,11077.68,297.93,619.94,21.26,942.39,1543.71,1.21,18.76,401.82,3.32,1203.17,4676.79,36.4,1855.5,8.62,178.76,44.63,24.57,84.36,134.13,61.91,213.49,17.57,14.12,23.62,1.16,2.14,7.8,0.64,1.62,2.41,4.01,3.69,0.95,2.42,93.34,2.14,0.59,1.76,2.75,FALSE
7/10/2021,2136.87,0,142.08,1827.34,1.93,3.87,21.44,10.08,2.79,12.75,797.23,11376.6,170.75,616.91,17.35,239.24,2959.44,1.79,21.56,582.67,4.08,1925.32,4171.35,94.76,2854.54,15.44,240.31,37.26,34.18,106.86,203.05,91.58,213.58,15.8,10.64,47.4,1.32,1.66,7.23,0.65,1.96,2.97,5.43,4.58,1.31,3.19,113.2,2.54,0.95,2.83,3.53,FALSE
7/11/2021,2062.8,17.64,142.08,1572.05,1.66,3.47,23.71,10.92,2.83,11.13,569.54,8650.03,436.41,869.18,19.63,235.11,1355.69,0.84,21.37,795.34,2.5,961.74,3494.57,51.49,1814.07,28.81,220.81,38.12,16.31,75.37,182.69,80.97,319.41,7.78,12.68,21.04,0.27,1.08,7.12,0.63,1.08,1.8,3.03,2.66,0.75,1.89,102.35,1.66,0.51,1.35,2,FALSE
7/12/2021,1401.67,0,284.17,1379.05,1.56,2.81,19.66,8.16,1.84,6.68,431.7,7462.41,224.57,476.69,13.37,84.35,1481.29,0.73,16.58,223.94,1.77,967.97,2299.47,43.11,1592.63,4.58,142.28,30.9,41.22,48.93,111.38,67.68,82.24,20.23,10.55,26.88,0.6,0.79,6.36,0.48,1.37,1.89,3.58,3.17,0.87,2.14,71.72,1.57,0.55,1.85,2.27,FALSE
7/13/2021,1193.33,0,236.8,1316.99,2.07,2.71,24.56,8.54,2.18,4.65,541.19,4742.17,169.09,663.93,21.8,95.84,899.53,0.69,16.51,249.82,2.56,817.52,2293.37,98.64,1158.06,3.41,200,27.75,80.07,67.18,172.25,15.77,53.53,2.86,7.28,2.97,0.07,1.37,3.15,0.81,1.43,2.26,4.04,3.23,1.17,2.36,75.24,1.98,0.61,1.65,2.55,FALSE
7/14/2021,84.36,0,0,124.63,0.05,0.06,0.62,0.18,0.08,0,8.88,79.92,14.36,0,0.86,28.56,8.88,0.08,0.41,8.88,0.5,17.76,113.96,0.15,1.48,0.24,21.45,3.55,0.04,14.74,17.89,0.49,0,0.07,0.22,0.04,0,0.09,0.13,0.01,0.02,0.03,0.07,0.02,0.02,0.04,1.1,0.03,0,0.01,0.05,FALSE
7/15/2021,,,,,,,,,,,,,,,,,,,,,,,,,,,,,,,,,,,,,,,,,,,,,,,,,,,,FALSE
7/16/2021,2113.18,0,284.17,2421.06,2.26,4.4,33.35,12.71,3.4,12.13,800.2,11980.48,439.53,613.92,19.26,411.13,1681.56,1.48,23.69,376.84,4.21,1553.03,4410.55,94.51,1870.59,11.57,268.69,50.4,59.87,128.95,218.29,78.86,245.27,24.84,18.35,25.57,1.79,2.02,12.43,1.13,2.54,3.81,6.69,6.18,1.77,3.8,110.1,3.58,1.07,2.95,4.2,FALSE
7/17/2021,1937.14,0,0,1160.02,2.2,3.24,33.1,10.83,3.54,8.74,698.77,3056.48,140.52,589.74,15.54,166.55,1271.21,1.19,18.82,315.17,2.59,1154.23,3618.71,75.46,2070.92,5.74,245.52,33.41,96.78,71.12,212.11,73.89,211.93,27.95,18.93,19.27,4.14,1.54,12.89,0.87,1.72,2.85,4.59,3.83,1.25,2.82,88.97,2.45,0.85,2.11,3.09,FALSE
7/18/2021,990.8,0,284.17,1520.52,1.48,2.81,20.77,8.56,2.02,6.74,475.7,9044.68,103.23,488.14,12.79,328.26,1115.63,0.64,13.65,230.47,2.06,840.59,2639.14,35.22,1267.23,4.02,103.76,24.38,17.29,43.51,79.38,45.5,82.68,12.48,9.5,17.43,1.59,0.79,4.89,0.42,1.18,1.64,2.97,2.7,0.73,1.73,59.57,1.43,0.45,1.46,1.89,FALSE
7/19/2021,1833.32,0,1567.64,11632.73,3.12,9.52,38.5,15.69,3.76,12.16,894.37,9567.53,295.64,722.88,19.99,412.26,1796.98,2.05,25.11,551.59,20.22,1436.08,5757.49,110.09,1399.46,8.71,278.25,51.63,46.74,143.97,226.62,36.67,252.51,7.24,13.39,10.19,0.36,1.51,6.97,0.96,1.78,3.17,5.68,5.12,1.44,3.29,131.84,2.73,0.87,2.51,3.52,FALSE
7/20/2021,241.29,0,213.12,755.45,0.86,1.73,13.43,6.02,1,4.35,224.2,859.99,36.73,372.04,9.38,61.89,472.65,0.19,7.43,91.98,0.48,319.33,984.07,5.6,293.61,0.71,19.6,8.68,0,1.92,10.91,9.36,0,1.83,4.88,1.47,0,0.26,1.89,0.12,0.2,0.36,0.61,0.48,0.1,0.39,26.47,0.32,0.1,0.28,0.37,FALSE
7/21/2021,1290.89,0,473.61,2250.41,1.91,3.66,36.97,13.55,3.2,8.05,635.65,14415.86,138.6,707.49,19.82,438.95,1127.99,0.89,22.34,325.15,2.82,1047.04,3746.85,43.6,940,4.84,145.39,33.98,7.61,72.14,111.41,51.53,97.69,8.61,13.06,18.38,0.25,1.62,6.58,0.61,1.55,2.42,3.97,3.94,1.13,2.24,86.62,2.04,0.61,1.85,2.59,FALSE
7/22/2021,1424.15,0,284.17,1702.1,2.66,3.53,37.13,10.61,3.08,9.46,827.21,8116.58,136.87,854.69,16.41,102.59,801.71,1.43,16.92,305.93,3.06,1047.72,3290.51,155.96,1329.42,5.09,211.18,27.85,114.14,48.23,183.33,29.54,80.51,7.28,13.25,4.63,0.03,3.75,6.37,1,1.86,2.93,5.26,4.18,1.38,3.09,90.01,2.67,0.83,1.99,3.3,FALSE
7/23/2021,,,,,,,,,,,,,,,,,,,,,,,,,,,,,,,,,,,,,,,,,,,,,,,,,,,,FALSE
7/24/2021,2295.63,45.59,189.44,1640.99,2.54,3.86,31.78,10.8,3.86,11.52,1145.67,9192.13,151.33,635.03,14.27,367.71,1273.33,1.6,23.02,376.26,4.92,1155.5,3847.37,88.86,1982.24,12.28,300.95,33.72,129.76,56.73,267.22,62.18,344.93,15.61,27.13,12.87,0.28,2.96,21.27,0.96,1.41,2.51,4.26,3.31,1.06,2.72,77.62,2.16,0.72,2.01,2.95,FALSE
7/25/2021,1736.21,0.04,313.86,2590.23,1.98,3.21,34.52,12.56,3.79,8.27,532.98,44227.72,392.55,699.51,19.95,112.18,1002.96,1.53,15.34,390.72,4.21,1210.35,4544.8,79.28,1761.36,6.59,252.83,36.37,77.38,109.97,216.45,55.08,116.95,17.51,16.68,14.85,0.8,3.26,9.68,0.73,1.62,2.5,4.44,4.06,1.28,2.57,79.98,2.3,0.69,1.95,2.96,FALSE
7/26/2021,,,,,,,,,,,,,,,,,,,,,,,,,,,,,,,,,,,,,,,,,,,,,,,,,,,,FALSE
7/27/2021,1772.78,0,735.07,3301.3,3.03,4.83,30.1,10.55,3.25,15,923.76,21719.23,265.22,805.29,24.56,1286.85,2446.56,1.76,24.2,485.85,4.05,1489.48,5381.28,74.28,2967.84,7.68,168.66,44.05,48.91,53.47,124.61,82.55,163.55,28.25,25.4,19.39,0.47,4.05,17.77,1.04,2.05,3.57,5.65,4.82,1.37,3.5,115.11,3.08,1,2.57,3.75,FALSE
7/28/2021,2181.84,14.06,298.47,2373.09,2.27,4.82,40.96,12.76,4.11,15.26,935.52,10315.77,165.19,896.65,16.61,323.1,2057.68,1.66,32.18,464.74,3.72,1831.36,4628.6,101.56,1529.56,9.74,259.74,27.77,35.6,149.32,231.97,70.54,228.64,20.6,17.07,27,2.82,3.72,9.8,1.32,2.72,4.86,8.33,7.73,2.25,4.26,120.59,4.27,1.35,3.52,5.26,FALSE
7/29/2021,,,,,,,,,,,,,,,,,,,,,,,,,,,,,,,,,,,,,,,,,,,,,,,,,,,,FALSE
7/30/2021,,,,,,,,,,,,,,,,,,,,,,,,,,,,,,,,,,,,,,,,,,,,,,,,,,,,FALSE
